Date and Time,sampling feature/location,citation," Barometric pressure -unit-kPa-processing level-L0",quality code,quality annotation,
2019-06-17 01:00:00," Quebrada Sonadora",,97.2,Good,,
2019-06-17 01:15:00," Quebrada Sonadora",,97.18,Good,,
2019-06-17 01:30:00," Quebrada Sonadora",,97.18,Good,,
2019-06-17 01:45:00," Quebrada Sonadora",,97.19,Good,,
2019-06-17 02:00:00," Quebrada Sonadora",,97.18,Good,,
2019-06-17 02:15:00," Quebrada Sonadora",,97.209,Good,,
2019-06-17 02:30:00," Quebrada Sonadora",,97.19,Good,,
2019-06-17 02:45:00," Quebrada Sonadora",,97.19,Good,,
2019-06-17 03:00:00," Quebrada Sonadora",,97.171,Good,,
2019-06-17 03:15:00," Quebrada Sonadora",,97.149,Good,,
2019-06-17 03:30:00," Quebrada Sonadora",,97.147,Good,,
2019-06-17 03:45:00," Quebrada Sonadora",,97.156,Good,,
2019-06-17 04:00:00," Quebrada Sonadora",,97.147,Good,,
2019-06-17 04:15:00," Quebrada Sonadora",,97.166,Good,,
2019-06-17 04:30:00," Quebrada Sonadora",,97.156,Good,,
2019-06-17 04:45:00," Quebrada Sonadora",,97.159,Good,,
2019-06-17 05:00:00," Quebrada Sonadora",,97.166,Good,,
2019-06-17 05:15:00," Quebrada Sonadora",,97.173,Good,,
2019-06-17 05:30:00," Quebrada Sonadora",,97.185,Good,,
2019-06-17 05:45:00," Quebrada Sonadora",,97.185,Good,,
2019-06-17 06:00:00," Quebrada Sonadora",,97.185,Good,,
2019-06-17 06:15:00," Quebrada Sonadora",,97.205,Good,,
2019-06-17 06:30:00," Quebrada Sonadora",,97.205,Good,,
2019-06-17 06:45:00," Quebrada Sonadora",,97.222,Good,,
2019-06-17 07:00:00," Quebrada Sonadora",,97.251,Good,,
2019-06-17 07:15:00," Quebrada Sonadora",,97.241,Good,,
2019-06-17 07:30:00," Quebrada Sonadora",,97.253,Good,,
2019-06-17 07:45:00," Quebrada Sonadora",,97.248,Good,,
2019-06-17 08:00:00," Quebrada Sonadora",,97.267,Good,,
2019-06-17 08:15:00," Quebrada Sonadora",,97.245,Good,,
2019-06-17 08:30:00," Quebrada Sonadora",,97.252,Good,,
2019-06-17 08:45:00," Quebrada Sonadora",,97.276,Good,,
2019-06-17 09:00:00," Quebrada Sonadora",,97.288,Good,,
2019-06-17 09:15:00," Quebrada Sonadora",,97.29,Good,,
2019-06-17 09:30:00," Quebrada Sonadora",,97.305,Good,,
2019-06-17 09:45:00," Quebrada Sonadora",,97.324,Good,,
2019-06-17 10:00:00," Quebrada Sonadora",,97.324,Good,,
2019-06-17 10:15:00," Quebrada Sonadora",,97.35,Good,,
2019-06-17 10:30:00," Quebrada Sonadora",,97.355,Good,,
2019-06-17 10:45:00," Quebrada Sonadora",,97.362,Good,,
2019-06-17 11:00:00," Quebrada Sonadora",,97.358,Good,,
2019-06-17 11:15:00," Quebrada Sonadora",,97.345,Good,,
2019-06-17 11:30:00," Quebrada Sonadora",,97.324,Good,,
2019-06-17 11:45:00," Quebrada Sonadora",,97.331,Good,,
2019-06-17 12:00:00," Quebrada Sonadora",,97.314,Good,,
2019-06-17 12:15:00," Quebrada Sonadora",,97.312,Good,,
2019-06-17 12:30:00," Quebrada Sonadora",,97.314,Good,,
2019-06-17 12:45:00," Quebrada Sonadora",,97.322,Good,,
2019-06-17 13:00:00," Quebrada Sonadora",,97.317,Good,,
2019-06-17 13:15:00," Quebrada Sonadora",,97.288,Good,,
2019-06-17 13:30:00," Quebrada Sonadora",,97.295,Good,,
2019-06-17 13:45:00," Quebrada Sonadora",,97.281,Good,,
2019-06-17 14:00:00," Quebrada Sonadora",,97.271,Good,,
2019-06-17 14:15:00," Quebrada Sonadora",,97.255,Good,,
2019-06-17 14:30:00," Quebrada Sonadora",,97.267,Good,,
2019-06-17 14:45:00," Quebrada Sonadora",,97.263,Good,,
2019-06-17 15:00:00," Quebrada Sonadora",,97.249,Good,,
2019-06-17 15:15:00," Quebrada Sonadora",,97.255,Good,,
2019-06-17 15:30:00," Quebrada Sonadora",,97.246,Good,,
2019-06-17 15:45:00," Quebrada Sonadora",,97.246,Good,,
2019-06-17 16:00:00," Quebrada Sonadora",,97.252,Good,,
2019-06-17 16:15:00," Quebrada Sonadora",,97.249,Good,,
2019-06-17 16:30:00," Quebrada Sonadora",,97.228,Good,,
2019-06-17 16:45:00," Quebrada Sonadora",,97.219,Good,,
2019-06-17 17:00:00," Quebrada Sonadora",,97.233,Good,,
2019-06-17 17:15:00," Quebrada Sonadora",,97.218,Good,,
2019-06-17 17:30:00," Quebrada Sonadora",,97.237,Good,,
2019-06-17 17:45:00," Quebrada Sonadora",,97.244,Good,,
2019-06-17 18:00:00," Quebrada Sonadora",,97.263,Good,,
2019-06-17 18:15:00," Quebrada Sonadora",,97.251,Good,,
2019-06-17 18:30:00," Quebrada Sonadora",,97.251,Good,,
2019-06-17 18:45:00," Quebrada Sonadora",,97.278,Good,,
2019-06-17 19:00:00," Quebrada Sonadora",,97.266,Good,,
2019-06-17 19:15:00," Quebrada Sonadora",,97.278,Good,,
2019-06-17 19:30:00," Quebrada Sonadora",,97.292,Good,,
2019-06-17 19:45:00," Quebrada Sonadora",,97.29,Good,,
2019-06-17 20:00:00," Quebrada Sonadora",,97.297,Good,,
2019-06-17 20:15:00," Quebrada Sonadora",,97.322,Good,,
2019-06-17 20:30:00," Quebrada Sonadora",,97.319,Good,,
2019-06-17 20:45:00," Quebrada Sonadora",,97.358,Good,,
2019-06-17 21:00:00," Quebrada Sonadora",,97.358,Good,,
2019-06-17 21:15:00," Quebrada Sonadora",,97.375,Good,,
2019-06-17 21:30:00," Quebrada Sonadora",,97.365,Good,,
2019-06-17 21:45:00," Quebrada Sonadora",,97.395,Good,,
2019-06-17 22:00:00," Quebrada Sonadora",,97.392,Good,,
2019-06-17 22:15:00," Quebrada Sonadora",,97.409,Good,,
2019-06-17 22:30:00," Quebrada Sonadora",,97.378,Good,,
2019-06-17 22:45:00," Quebrada Sonadora",,97.356,Good,,
2019-06-17 23:00:00," Quebrada Sonadora",,97.354,Good,,
2019-06-17 23:15:00," Quebrada Sonadora",,97.354,Good,,
2019-06-17 23:30:00," Quebrada Sonadora",,97.344,Good,,
2019-06-17 23:45:00," Quebrada Sonadora",,97.322,Good,,
2019-06-18 00:00:00," Quebrada Sonadora",,97.301,Good,,
2019-06-18 00:15:00," Quebrada Sonadora",,97.313,Good,,
2019-06-18 00:30:00," Quebrada Sonadora",,97.301,Good,,
2019-06-18 00:45:00," Quebrada Sonadora",,97.291,Good,,
2019-06-18 01:00:00," Quebrada Sonadora",,97.272,Good,,
2019-06-18 01:15:00," Quebrada Sonadora",,97.243,Good,,
2019-06-18 01:30:00," Quebrada Sonadora",,97.23,Good,,
2019-06-18 01:45:00," Quebrada Sonadora",,97.23,Good,,
2019-06-18 02:00:00," Quebrada Sonadora",,97.218,Good,,
2019-06-18 02:15:00," Quebrada Sonadora",,97.199,Good,,
2019-06-18 02:30:00," Quebrada Sonadora",,97.187,Good,,
2019-06-18 02:45:00," Quebrada Sonadora",,97.197,Good,,
2019-06-18 03:00:00," Quebrada Sonadora",,97.197,Good,,
2019-06-18 03:15:00," Quebrada Sonadora",,97.194,Good,,
2019-06-18 03:30:00," Quebrada Sonadora",,97.183,Good,,
2019-06-18 03:45:00," Quebrada Sonadora",,97.183,Good,,
2019-06-18 04:00:00," Quebrada Sonadora",,97.173,Good,,
2019-06-18 04:15:00," Quebrada Sonadora",,97.209,Good,,
2019-06-18 04:30:00," Quebrada Sonadora",,97.192,Good,,
2019-06-18 04:45:00," Quebrada Sonadora",,97.2,Good,,
2019-06-18 05:00:00," Quebrada Sonadora",,97.2,Good,,
2019-06-18 05:15:00," Quebrada Sonadora",,97.209,Good,,
2019-06-18 05:30:00," Quebrada Sonadora",,97.2,Good,,
2019-06-18 05:45:00," Quebrada Sonadora",,97.19,Good,,
2019-06-18 06:00:00," Quebrada Sonadora",,97.226,Good,,
2019-06-18 06:15:00," Quebrada Sonadora",,97.234,Good,,
2019-06-18 06:30:00," Quebrada Sonadora",,97.263,Good,,
2019-06-18 06:45:00," Quebrada Sonadora",,97.267,Good,,
2019-06-18 07:00:00," Quebrada Sonadora",,97.291,Good,,
2019-06-18 07:15:00," Quebrada Sonadora",,97.298,Good,,
2019-06-18 07:30:00," Quebrada Sonadora",,97.303,Good,,
2019-06-18 07:45:00," Quebrada Sonadora",,97.305,Good,,
2019-06-18 08:00:00," Quebrada Sonadora",,97.31,Good,,
2019-06-18 08:15:00," Quebrada Sonadora",,97.315,Good,,
2019-06-18 08:30:00," Quebrada Sonadora",,97.324,Good,,
2019-06-18 08:45:00," Quebrada Sonadora",,97.312,Good,,
2019-06-18 09:00:00," Quebrada Sonadora",,97.331,Good,,
2019-06-18 09:15:00," Quebrada Sonadora",,97.348,Good,,
2019-06-18 09:30:00," Quebrada Sonadora",,97.338,Good,,
2019-06-18 09:45:00," Quebrada Sonadora",,97.312,Good,,
2019-06-18 10:00:00," Quebrada Sonadora",,97.321,Good,,
2019-06-18 10:15:00," Quebrada Sonadora",,97.307,Good,,
2019-06-18 10:30:00," Quebrada Sonadora",,97.336,Good,,
2019-06-18 10:45:00," Quebrada Sonadora",,97.316,Good,,
2019-06-18 11:00:00," Quebrada Sonadora",,97.331,Good,,
2019-06-18 11:15:00," Quebrada Sonadora",,97.316,Good,,
2019-06-18 11:30:00," Quebrada Sonadora",,97.3,Good,,
2019-06-18 11:45:00," Quebrada Sonadora",,97.297,Good,,
2019-06-18 12:00:00," Quebrada Sonadora",,97.271,Good,,
2019-06-18 12:15:00," Quebrada Sonadora",,97.261,Good,,
2019-06-18 12:30:00," Quebrada Sonadora",,97.269,Good,,
2019-06-18 12:45:00," Quebrada Sonadora",,97.252,Good,,
2019-06-18 13:00:00," Quebrada Sonadora",,97.24,Good,,
2019-06-18 13:15:00," Quebrada Sonadora",,97.255,Good,,
2019-06-18 13:30:00," Quebrada Sonadora",,97.24,Good,,
2019-06-18 13:45:00," Quebrada Sonadora",,97.228,Good,,
2019-06-18 14:00:00," Quebrada Sonadora",,97.213,Good,,
2019-06-18 14:15:00," Quebrada Sonadora",,97.196,Good,,
2019-06-18 14:30:00," Quebrada Sonadora",,97.184,Good,,
2019-06-18 14:45:00," Quebrada Sonadora",,97.191,Good,,
2019-06-18 15:00:00," Quebrada Sonadora",,97.183,Good,,
2019-06-18 15:15:00," Quebrada Sonadora",,97.169,Good,,
2019-06-18 15:30:00," Quebrada Sonadora",,97.184,Good,,
2019-06-18 15:45:00," Quebrada Sonadora",,97.192,Good,,
2019-06-18 16:00:00," Quebrada Sonadora",,97.178,Good,,
2019-06-18 16:15:00," Quebrada Sonadora",,97.178,Good,,
2019-06-18 16:30:00," Quebrada Sonadora",,97.169,Good,,
2019-06-18 16:45:00," Quebrada Sonadora",,97.149,Good,,
2019-06-18 17:00:00," Quebrada Sonadora",,97.168,Good,,
2019-06-18 17:15:00," Quebrada Sonadora",,97.173,Good,,
2019-06-18 17:30:00," Quebrada Sonadora",,97.191,Good,,
2019-06-18 17:45:00," Quebrada Sonadora",,97.178,Good,,
2019-06-18 18:00:00," Quebrada Sonadora",,97.181,Good,,
2019-06-18 18:15:00," Quebrada Sonadora",,97.188,Good,,
2019-06-18 18:30:00," Quebrada Sonadora",,97.205,Good,,
2019-06-18 18:45:00," Quebrada Sonadora",,97.203,Good,,
2019-06-18 19:00:00," Quebrada Sonadora",,97.22,Good,,
2019-06-18 19:15:00," Quebrada Sonadora",,97.237,Good,,
2019-06-18 19:30:00," Quebrada Sonadora",,97.244,Good,,
2019-06-18 19:45:00," Quebrada Sonadora",,97.242,Good,,
2019-06-18 20:00:00," Quebrada Sonadora",,97.267,Good,,
2019-06-18 20:15:00," Quebrada Sonadora",,97.257,Good,,
2019-06-18 20:30:00," Quebrada Sonadora",,97.284,Good,,
2019-06-18 20:45:00," Quebrada Sonadora",,97.303,Good,,
2019-06-18 21:00:00," Quebrada Sonadora",,97.303,Good,,
2019-06-18 21:15:00," Quebrada Sonadora",,97.332,Good,,
2019-06-18 21:30:00," Quebrada Sonadora",,97.313,Good,,
2019-06-18 21:45:00," Quebrada Sonadora",,97.332,Good,,
2019-06-18 22:00:00," Quebrada Sonadora",,97.342,Good,,
2019-06-18 22:15:00," Quebrada Sonadora",,97.359,Good,,
2019-06-18 22:30:00," Quebrada Sonadora",,97.359,Good,,
2019-06-18 22:45:00," Quebrada Sonadora",,97.361,Good,,
2019-06-18 23:00:00," Quebrada Sonadora",,97.371,Good,,
2019-06-18 23:15:00," Quebrada Sonadora",,97.371,Good,,
2019-06-18 23:30:00," Quebrada Sonadora",,97.361,Good,,
2019-06-18 23:45:00," Quebrada Sonadora",,97.339,Good,,
2019-06-19 00:00:00," Quebrada Sonadora",,97.349,Good,,
2019-06-19 00:15:00," Quebrada Sonadora",,97.327,Good,,
2019-06-19 00:30:00," Quebrada Sonadora",,97.308,Good,,
2019-06-19 00:45:00," Quebrada Sonadora",,97.269,Good,,
2019-06-19 01:00:00," Quebrada Sonadora",,97.257,Good,,
2019-06-19 01:15:00," Quebrada Sonadora",,97.218,Good,,
2019-06-19 01:30:00," Quebrada Sonadora",,97.218,Good,,
2019-06-19 01:45:00," Quebrada Sonadora",,97.199,Good,,
2019-06-19 02:00:00," Quebrada Sonadora",,97.18,Good,,
2019-06-19 02:15:00," Quebrada Sonadora",,97.18,Good,,
2019-06-19 02:30:00," Quebrada Sonadora",,97.199,Good,,
2019-06-19 02:45:00," Quebrada Sonadora",,97.18,Good,,
2019-06-19 03:00:00," Quebrada Sonadora",,97.192,Good,,
2019-06-19 03:15:00," Quebrada Sonadora",,97.182,Good,,
2019-06-19 03:30:00," Quebrada Sonadora",,97.17,Good,,
2019-06-19 03:45:00," Quebrada Sonadora",,97.18,Good,,
2019-06-19 04:00:00," Quebrada Sonadora",,97.18,Good,,
2019-06-19 04:15:00," Quebrada Sonadora",,97.18,Good,,
2019-06-19 04:30:00," Quebrada Sonadora",,97.177,Good,,
2019-06-19 04:45:00," Quebrada Sonadora",,97.177,Good,,
2019-06-19 05:00:00," Quebrada Sonadora",,97.175,Good,,
2019-06-19 05:15:00," Quebrada Sonadora",,97.175,Good,,
2019-06-19 05:30:00," Quebrada Sonadora",,97.175,Good,,
2019-06-19 05:45:00," Quebrada Sonadora",,97.175,Good,,
2019-06-19 06:00:00," Quebrada Sonadora",,97.185,Good,,
2019-06-19 06:15:00," Quebrada Sonadora",,97.204,Good,,
2019-06-19 06:30:00," Quebrada Sonadora",,97.214,Good,,
2019-06-19 06:45:00," Quebrada Sonadora",,97.209,Good,,
2019-06-19 07:00:00," Quebrada Sonadora",,97.223,Good,,
2019-06-19 07:15:00," Quebrada Sonadora",,97.232,Good,,
2019-06-19 07:30:00," Quebrada Sonadora",,97.247,Good,,
2019-06-19 07:45:00," Quebrada Sonadora",,97.254,Good,,
2019-06-19 08:00:00," Quebrada Sonadora",,97.268,Good,,
2019-06-19 08:15:00," Quebrada Sonadora",,97.275,Good,,
2019-06-19 08:30:00," Quebrada Sonadora",,97.261,Good,,
2019-06-19 08:45:00," Quebrada Sonadora",,97.253,Good,,
2019-06-19 09:00:00," Quebrada Sonadora",,97.268,Good,,
2019-06-19 09:15:00," Quebrada Sonadora",,97.278,Good,,
2019-06-19 09:30:00," Quebrada Sonadora",,97.287,Good,,
2019-06-19 09:45:00," Quebrada Sonadora",,97.28,Good,,
2019-06-19 10:00:00," Quebrada Sonadora",,97.304,Good,,
2019-06-19 10:15:00," Quebrada Sonadora",,97.295,Good,,
2019-06-19 10:30:00," Quebrada Sonadora",,97.28,Good,,
2019-06-19 10:45:00," Quebrada Sonadora",,97.278,Good,,
2019-06-19 11:00:00," Quebrada Sonadora",,97.293,Good,,
2019-06-19 11:15:00," Quebrada Sonadora",,97.271,Good,,
2019-06-19 11:30:00," Quebrada Sonadora",,97.288,Good,,
2019-06-19 11:45:00," Quebrada Sonadora",,97.274,Good,,
2019-06-19 12:00:00," Quebrada Sonadora",,97.272,Good,,
2019-06-19 12:15:00," Quebrada Sonadora",,97.282,Good,,
2019-06-19 12:30:00," Quebrada Sonadora",,97.279,Good,,
2019-06-19 12:45:00," Quebrada Sonadora",,97.278,Good,,
2019-06-19 13:00:00," Quebrada Sonadora",,97.258,Good,,
2019-06-19 13:15:00," Quebrada Sonadora",,97.268,Good,,
2019-06-19 13:30:00," Quebrada Sonadora",,97.26,Good,,
2019-06-19 13:45:00," Quebrada Sonadora",,97.207,Good,,
2019-06-19 14:00:00," Quebrada Sonadora",,97.183,Good,,
2019-06-19 14:15:00," Quebrada Sonadora",,97.185,Good,,
2019-06-19 14:30:00," Quebrada Sonadora",,97.19,Good,,
2019-06-19 14:45:00," Quebrada Sonadora",,97.165,Good,,
2019-06-19 15:00:00," Quebrada Sonadora",,97.166,Good,,
2019-06-19 15:15:00," Quebrada Sonadora",,97.166,Good,,
2019-06-19 15:30:00," Quebrada Sonadora",,97.136,Good,,
2019-06-19 15:45:00," Quebrada Sonadora",,97.14,Good,,
2019-06-19 16:00:00," Quebrada Sonadora",,97.128,Good,,
2019-06-19 16:15:00," Quebrada Sonadora",,97.133,Good,,
2019-06-19 16:30:00," Quebrada Sonadora",,97.14,Good,,
2019-06-19 16:45:00," Quebrada Sonadora",,97.119,Good,,
2019-06-19 17:00:00," Quebrada Sonadora",,97.11,Good,,
2019-06-19 17:15:00," Quebrada Sonadora",,97.09,Good,,
2019-06-19 17:30:00," Quebrada Sonadora",,97.092,Good,,
2019-06-19 17:45:00," Quebrada Sonadora",,97.106,Good,,
2019-06-19 18:00:00," Quebrada Sonadora",,97.084,Good,,
2019-06-19 18:15:00," Quebrada Sonadora",,97.11,Good,,
2019-06-19 18:30:00," Quebrada Sonadora",,97.101,Good,,
2019-06-19 18:45:00," Quebrada Sonadora",,97.115,Good,,
2019-06-19 19:00:00," Quebrada Sonadora",,97.13,Good,,
2019-06-19 19:15:00," Quebrada Sonadora",,97.144,Good,,
2019-06-19 19:30:00," Quebrada Sonadora",,97.142,Good,,
2019-06-19 19:45:00," Quebrada Sonadora",,97.137,Good,,
2019-06-19 20:00:00," Quebrada Sonadora",,97.137,Good,,
2019-06-19 20:15:00," Quebrada Sonadora",,97.157,Good,,
2019-06-19 20:30:00," Quebrada Sonadora",,97.176,Good,,
2019-06-19 20:45:00," Quebrada Sonadora",,97.193,Good,,
2019-06-19 21:00:00," Quebrada Sonadora",,97.212,Good,,
2019-06-19 21:15:00," Quebrada Sonadora",,97.232,Good,,
2019-06-19 21:30:00," Quebrada Sonadora",,97.241,Good,,
2019-06-19 21:45:00," Quebrada Sonadora",,97.244,Good,,
2019-06-19 22:00:00," Quebrada Sonadora",,97.246,Good,,
2019-06-19 22:15:00," Quebrada Sonadora",,97.275,Good,,
2019-06-19 22:30:00," Quebrada Sonadora",,97.266,Good,,
2019-06-19 22:45:00," Quebrada Sonadora",,97.273,Good,,
2019-06-19 23:00:00," Quebrada Sonadora",,97.29,Good,,
2019-06-19 23:15:00," Quebrada Sonadora",,97.29,Good,,
2019-06-19 23:30:00," Quebrada Sonadora",,97.3,Good,,
2019-06-19 23:45:00," Quebrada Sonadora",,97.29,Good,,
2019-06-20 00:00:00," Quebrada Sonadora",,97.283,Good,,
2019-06-20 00:15:00," Quebrada Sonadora",,97.242,Good,,
2019-06-20 00:30:00," Quebrada Sonadora",,97.242,Good,,
2019-06-20 00:45:00," Quebrada Sonadora",,97.21,Good,,
2019-06-20 01:00:00," Quebrada Sonadora",,97.22,Good,,
2019-06-20 01:15:00," Quebrada Sonadora",,97.2,Good,,
2019-06-20 01:30:00," Quebrada Sonadora",,97.188,Good,,
2019-06-20 01:45:00," Quebrada Sonadora",,97.196,Good,,
2019-06-20 02:00:00," Quebrada Sonadora",,97.193,Good,,
2019-06-20 02:15:00," Quebrada Sonadora",,97.181,Good,,
2019-06-20 02:30:00," Quebrada Sonadora",,97.179,Good,,
2019-06-20 02:45:00," Quebrada Sonadora",,97.189,Good,,
2019-06-20 03:00:00," Quebrada Sonadora",,97.189,Good,,
2019-06-20 03:15:00," Quebrada Sonadora",,97.179,Good,,
2019-06-20 03:30:00," Quebrada Sonadora",,97.181,Good,,
2019-06-20 03:45:00," Quebrada Sonadora",,97.184,Good,,
2019-06-20 04:00:00," Quebrada Sonadora",,97.186,Good,,
2019-06-20 04:15:00," Quebrada Sonadora",,97.203,Good,,
2019-06-20 04:30:00," Quebrada Sonadora",,97.21,Good,,
2019-06-20 04:45:00," Quebrada Sonadora",,97.203,Good,,
2019-06-20 05:00:00," Quebrada Sonadora",,97.222,Good,,
2019-06-20 05:15:00," Quebrada Sonadora",,97.239,Good,,
2019-06-20 05:30:00," Quebrada Sonadora",,97.259,Good,,
2019-06-20 05:45:00," Quebrada Sonadora",,97.249,Good,,
2019-06-20 06:00:00," Quebrada Sonadora",,97.259,Good,,
2019-06-20 06:15:00," Quebrada Sonadora",,97.281,Good,,
2019-06-20 06:30:00," Quebrada Sonadora",,97.288,Good,,
2019-06-20 06:45:00," Quebrada Sonadora",,97.276,Good,,
2019-06-20 07:00:00," Quebrada Sonadora",,97.298,Good,,
2019-06-20 07:15:00," Quebrada Sonadora",,97.31,Good,,
2019-06-20 07:30:00," Quebrada Sonadora",,97.319,Good,,
2019-06-20 07:45:00," Quebrada Sonadora",,97.317,Good,,
2019-06-20 08:00:00," Quebrada Sonadora",,97.322,Good,,
2019-06-20 08:15:00," Quebrada Sonadora",,97.327,Good,,
2019-06-20 08:30:00," Quebrada Sonadora",,97.317,Good,,
2019-06-20 08:45:00," Quebrada Sonadora",,97.321,Good,,
2019-06-20 09:00:00," Quebrada Sonadora",,97.329,Good,,
2019-06-20 09:15:00," Quebrada Sonadora",,97.333,Good,,
2019-06-20 09:30:00," Quebrada Sonadora",,97.35,Good,,
2019-06-20 09:45:00," Quebrada Sonadora",,97.341,Good,,
2019-06-20 10:00:00," Quebrada Sonadora",,97.355,Good,,
2019-06-20 10:15:00," Quebrada Sonadora",,97.373,Good,,
2019-06-20 10:30:00," Quebrada Sonadora",,97.37,Good,,
2019-06-20 10:45:00," Quebrada Sonadora",,97.392,Good,,
2019-06-20 11:00:00," Quebrada Sonadora",,97.419,Good,,
2019-06-20 11:15:00," Quebrada Sonadora",,97.421,Good,,
2019-06-20 11:30:00," Quebrada Sonadora",,97.416,Good,,
2019-06-20 11:45:00," Quebrada Sonadora",,97.406,Good,,
2019-06-20 12:00:00," Quebrada Sonadora",,97.409,Good,,
2019-06-20 12:15:00," Quebrada Sonadora",,97.387,Good,,
2019-06-20 12:30:00," Quebrada Sonadora",,97.377,Good,,
2019-06-20 12:45:00," Quebrada Sonadora",,97.387,Good,,
2019-06-20 13:00:00," Quebrada Sonadora",,97.351,Good,,
2019-06-20 13:15:00," Quebrada Sonadora",,97.361,Good,,
2019-06-20 13:30:00," Quebrada Sonadora",,97.366,Good,,
2019-06-20 13:45:00," Quebrada Sonadora",,97.35,Good,,
2019-06-20 14:00:00," Quebrada Sonadora",,97.323,Good,,
2019-06-20 14:15:00," Quebrada Sonadora",,97.33,Good,,
2019-06-20 14:30:00," Quebrada Sonadora",,97.317,Good,,
2019-06-20 14:45:00," Quebrada Sonadora",,97.282,Good,,
2019-06-20 15:00:00," Quebrada Sonadora",,97.292,Good,,
2019-06-20 15:15:00," Quebrada Sonadora",,97.288,Good,,
2019-06-20 15:30:00," Quebrada Sonadora",,97.274,Good,,
2019-06-20 15:45:00," Quebrada Sonadora",,97.276,Good,,
2019-06-20 16:00:00," Quebrada Sonadora",,97.293,Good,,
2019-06-20 16:15:00," Quebrada Sonadora",,97.272,Good,,
2019-06-20 16:30:00," Quebrada Sonadora",,97.263,Good,,
2019-06-20 16:45:00," Quebrada Sonadora",,97.253,Good,,
2019-06-20 17:00:00," Quebrada Sonadora",,97.242,Good,,
2019-06-20 17:15:00," Quebrada Sonadora",,97.234,Good,,
2019-06-20 17:30:00," Quebrada Sonadora",,97.227,Good,,
2019-06-20 17:45:00," Quebrada Sonadora",,97.241,Good,,
2019-06-20 18:00:00," Quebrada Sonadora",,97.268,Good,,
2019-06-20 18:15:00," Quebrada Sonadora",,97.268,Good,,
2019-06-20 18:30:00," Quebrada Sonadora",,97.275,Good,,
2019-06-20 18:45:00," Quebrada Sonadora",,97.261,Good,,
2019-06-20 19:00:00," Quebrada Sonadora",,97.288,Good,,
2019-06-20 19:15:00," Quebrada Sonadora",,97.293,Good,,
2019-06-20 19:30:00," Quebrada Sonadora",,97.29,Good,,
2019-06-20 19:45:00," Quebrada Sonadora",,97.317,Good,,
2019-06-20 20:00:00," Quebrada Sonadora",,97.315,Good,,
2019-06-20 20:15:00," Quebrada Sonadora",,97.324,Good,,
2019-06-20 20:30:00," Quebrada Sonadora",,97.332,Good,,
2019-06-20 20:45:00," Quebrada Sonadora",,97.332,Good,,
2019-06-20 21:00:00," Quebrada Sonadora",,97.349,Good,,
2019-06-20 21:15:00," Quebrada Sonadora",,97.337,Good,,
2019-06-20 21:30:00," Quebrada Sonadora",,97.349,Good,,
2019-06-20 21:45:00," Quebrada Sonadora",,97.346,Good,,
2019-06-20 22:00:00," Quebrada Sonadora",,97.393,Good,,
2019-06-20 22:15:00," Quebrada Sonadora",,97.383,Good,,
2019-06-20 22:30:00," Quebrada Sonadora",,97.402,Good,,
2019-06-20 22:45:00," Quebrada Sonadora",,97.402,Good,,
2019-06-20 23:00:00," Quebrada Sonadora",,97.39,Good,,
2019-06-20 23:15:00," Quebrada Sonadora",,97.4,Good,,
2019-06-20 23:30:00," Quebrada Sonadora",,97.393,Good,,
2019-06-20 23:45:00," Quebrada Sonadora",,97.4,Good,,
2019-06-21 00:00:00," Quebrada Sonadora",,97.393,Good,,
2019-06-21 00:15:00," Quebrada Sonadora",,97.359,Good,,
2019-06-21 00:30:00," Quebrada Sonadora",,97.359,Good,,
2019-06-21 00:45:00," Quebrada Sonadora",,97.31,Good,,
2019-06-21 01:00:00," Quebrada Sonadora",,97.308,Good,,
2019-06-21 01:15:00," Quebrada Sonadora",,97.308,Good,,
2019-06-21 01:30:00," Quebrada Sonadora",,97.308,Good,,
2019-06-21 01:45:00," Quebrada Sonadora",,97.289,Good,,
2019-06-21 02:00:00," Quebrada Sonadora",,97.289,Good,,
2019-06-21 02:15:00," Quebrada Sonadora",,97.286,Good,,
2019-06-21 02:30:00," Quebrada Sonadora",,97.274,Good,,
2019-06-21 02:45:00," Quebrada Sonadora",,97.262,Good,,
2019-06-21 03:00:00," Quebrada Sonadora",,97.255,Good,,
2019-06-21 03:15:00," Quebrada Sonadora",,97.243,Good,,
2019-06-21 03:30:00," Quebrada Sonadora",,97.25,Good,,
2019-06-21 03:45:00," Quebrada Sonadora",,97.26,Good,,
2019-06-21 04:00:00," Quebrada Sonadora",,97.258,Good,,
2019-06-21 04:15:00," Quebrada Sonadora",,97.258,Good,,
2019-06-21 04:30:00," Quebrada Sonadora",,97.258,Good,,
2019-06-21 04:45:00," Quebrada Sonadora",,97.255,Good,,
2019-06-21 05:00:00," Quebrada Sonadora",,97.263,Good,,
2019-06-21 05:15:00," Quebrada Sonadora",,97.27,Good,,
2019-06-21 05:30:00," Quebrada Sonadora",,97.278,Good,,
2019-06-21 05:45:00," Quebrada Sonadora",,97.275,Good,,
2019-06-21 06:00:00," Quebrada Sonadora",,97.314,Good,,
2019-06-21 06:15:00," Quebrada Sonadora",,97.316,Good,,
2019-06-21 06:30:00," Quebrada Sonadora",,97.345,Good,,
2019-06-21 06:45:00," Quebrada Sonadora",,97.319,Good,,
2019-06-21 07:00:00," Quebrada Sonadora",,97.352,Good,,
2019-06-21 07:15:00," Quebrada Sonadora",,97.374,Good,,
2019-06-21 07:30:00," Quebrada Sonadora",,97.379,Good,,
2019-06-21 07:45:00," Quebrada Sonadora",,97.395,Good,,
2019-06-21 08:00:00," Quebrada Sonadora",,97.419,Good,,
2019-06-21 08:15:00," Quebrada Sonadora",,97.407,Good,,
2019-06-21 08:30:00," Quebrada Sonadora",,97.409,Good,,
2019-06-21 08:45:00," Quebrada Sonadora",,97.392,Good,,
2019-06-21 09:00:00," Quebrada Sonadora",,97.421,Good,,
2019-06-21 09:15:00," Quebrada Sonadora",,97.438,Good,,
2019-06-21 09:30:00," Quebrada Sonadora",,97.438,Good,,
2019-06-21 09:45:00," Quebrada Sonadora",,97.44,Good,,
2019-06-21 10:00:00," Quebrada Sonadora",,97.455,Good,,
2019-06-21 10:15:00," Quebrada Sonadora",,97.455,Good,,
2019-06-21 10:30:00," Quebrada Sonadora",,97.441,Good,,
2019-06-21 10:45:00," Quebrada Sonadora",,97.421,Good,,
2019-06-21 11:00:00," Quebrada Sonadora",,97.432,Good,,
2019-06-21 11:15:00," Quebrada Sonadora",,97.413,Good,,
2019-06-21 11:30:00," Quebrada Sonadora",,97.394,Good,,
2019-06-21 11:45:00," Quebrada Sonadora",,97.389,Good,,
2019-06-21 12:00:00," Quebrada Sonadora",,97.394,Good,,
2019-06-21 12:15:00," Quebrada Sonadora",,97.405,Good,,
2019-06-21 12:30:00," Quebrada Sonadora",,97.391,Good,,
2019-06-21 12:45:00," Quebrada Sonadora",,97.391,Good,,
2019-06-21 13:00:00," Quebrada Sonadora",,97.375,Good,,
2019-06-21 13:15:00," Quebrada Sonadora",,97.379,Good,,
2019-06-21 13:30:00," Quebrada Sonadora",,97.385,Good,,
2019-06-21 13:45:00," Quebrada Sonadora",,97.343,Good,,
2019-06-21 14:00:00," Quebrada Sonadora",,97.346,Good,,
2019-06-21 14:15:00," Quebrada Sonadora",,97.33,Good,,
2019-06-21 14:30:00," Quebrada Sonadora",,97.317,Good,,
2019-06-21 14:45:00," Quebrada Sonadora",,97.329,Good,,
2019-06-21 15:00:00," Quebrada Sonadora",,97.319,Good,,
2019-06-21 15:15:00," Quebrada Sonadora",,97.319,Good,,
2019-06-21 15:30:00," Quebrada Sonadora",,97.309,Good,,
2019-06-21 15:45:00," Quebrada Sonadora",,97.328,Good,,
2019-06-21 16:00:00," Quebrada Sonadora",,97.337,Good,,
2019-06-21 16:15:00," Quebrada Sonadora",,97.332,Good,,
2019-06-21 16:30:00," Quebrada Sonadora",,97.351,Good,,
2019-06-21 16:45:00," Quebrada Sonadora",,97.338,Good,,
2019-06-21 17:00:00," Quebrada Sonadora",,97.317,Good,,
2019-06-21 17:15:00," Quebrada Sonadora",,97.317,Good,,
2019-06-21 17:30:00," Quebrada Sonadora",,97.321,Good,,
2019-06-21 17:45:00," Quebrada Sonadora",,97.342,Good,,
2019-06-21 18:00:00," Quebrada Sonadora",,97.348,Good,,
2019-06-21 18:15:00," Quebrada Sonadora",,97.36,Good,,
2019-06-21 18:30:00," Quebrada Sonadora",,97.365,Good,,
2019-06-21 18:45:00," Quebrada Sonadora",,97.384,Good,,
2019-06-21 19:00:00," Quebrada Sonadora",,97.384,Good,,
2019-06-21 19:15:00," Quebrada Sonadora",,97.396,Good,,
2019-06-21 19:30:00," Quebrada Sonadora",,97.394,Good,,
2019-06-21 19:45:00," Quebrada Sonadora",,97.406,Good,,
2019-06-21 20:00:00," Quebrada Sonadora",,97.418,Good,,
2019-06-21 20:15:00," Quebrada Sonadora",,97.435,Good,,
2019-06-21 20:30:00," Quebrada Sonadora",,97.445,Good,,
2019-06-21 20:45:00," Quebrada Sonadora",,97.452,Good,,
2019-06-21 21:00:00," Quebrada Sonadora",,97.47,Good,,
2019-06-21 21:15:00," Quebrada Sonadora",,97.489,Good,,
2019-06-21 21:30:00," Quebrada Sonadora",,97.487,Good,,
2019-06-21 21:45:00," Quebrada Sonadora",,97.492,Good,,
2019-06-21 22:00:00," Quebrada Sonadora",,97.499,Good,,
2019-06-21 22:15:00," Quebrada Sonadora",,97.489,Good,,
2019-06-21 22:30:00," Quebrada Sonadora",,97.494,Good,,
2019-06-21 22:45:00," Quebrada Sonadora",,97.482,Good,,
2019-06-21 23:00:00," Quebrada Sonadora",,97.484,Good,,
2019-06-21 23:15:00," Quebrada Sonadora",,97.475,Good,,
2019-06-21 23:30:00," Quebrada Sonadora",,97.472,Good,,
2019-06-21 23:45:00," Quebrada Sonadora",,97.453,Good,,
2019-06-22 00:00:00," Quebrada Sonadora",,97.443,Good,,
2019-06-22 00:15:00," Quebrada Sonadora",,97.429,Good,,
2019-06-22 00:30:00," Quebrada Sonadora",,97.419,Good,,
2019-06-22 00:45:00," Quebrada Sonadora",,97.407,Good,,
2019-06-22 01:00:00," Quebrada Sonadora",,97.395,Good,,
2019-06-22 01:15:00," Quebrada Sonadora",,97.386,Good,,
2019-06-22 01:30:00," Quebrada Sonadora",,97.337,Good,,
2019-06-22 01:45:00," Quebrada Sonadora",,97.356,Good,,
2019-06-22 02:00:00," Quebrada Sonadora",,97.325,Good,,
2019-06-22 02:15:00," Quebrada Sonadora",,97.335,Good,,
2019-06-22 02:30:00," Quebrada Sonadora",,97.327,Good,,
2019-06-22 02:45:00," Quebrada Sonadora",,97.337,Good,,
2019-06-22 03:00:00," Quebrada Sonadora",,97.347,Good,,
2019-06-22 03:15:00," Quebrada Sonadora",,97.339,Good,,
2019-06-22 03:30:00," Quebrada Sonadora",,97.356,Good,,
2019-06-22 03:45:00," Quebrada Sonadora",,97.356,Good,,
2019-06-22 04:00:00," Quebrada Sonadora",,97.356,Good,,
2019-06-22 04:15:00," Quebrada Sonadora",,97.347,Good,,
2019-06-22 04:30:00," Quebrada Sonadora",,97.347,Good,,
2019-06-22 04:45:00," Quebrada Sonadora",,97.337,Good,,
2019-06-22 05:00:00," Quebrada Sonadora",,97.347,Good,,
2019-06-22 05:15:00," Quebrada Sonadora",,97.327,Good,,
2019-06-22 05:30:00," Quebrada Sonadora",,97.325,Good,,
2019-06-22 05:45:00," Quebrada Sonadora",,97.313,Good,,
2019-06-22 06:00:00," Quebrada Sonadora",,97.332,Good,,
2019-06-22 06:15:00," Quebrada Sonadora",,97.359,Good,,
2019-06-22 06:30:00," Quebrada Sonadora",,97.379,Good,,
2019-06-22 06:45:00," Quebrada Sonadora",,97.381,Good,,
2019-06-22 07:00:00," Quebrada Sonadora",,97.381,Good,,
2019-06-22 07:15:00," Quebrada Sonadora",,97.388,Good,,
2019-06-22 07:30:00," Quebrada Sonadora",,97.393,Good,,
2019-06-22 07:45:00," Quebrada Sonadora",,97.39,Good,,
2019-06-22 08:00:00," Quebrada Sonadora",,97.387,Good,,
2019-06-22 08:15:00," Quebrada Sonadora",,97.377,Good,,
2019-06-22 08:30:00," Quebrada Sonadora",,97.367,Good,,
2019-06-22 08:45:00," Quebrada Sonadora",,97.394,Good,,
2019-06-22 09:00:00," Quebrada Sonadora",,97.406,Good,,
2019-06-22 09:15:00," Quebrada Sonadora",,97.404,Good,,
2019-06-22 09:30:00," Quebrada Sonadora",,97.406,Good,,
2019-06-22 09:45:00," Quebrada Sonadora",,97.423,Good,,
2019-06-22 10:00:00," Quebrada Sonadora",,97.411,Good,,
2019-06-22 10:15:00," Quebrada Sonadora",,97.4,Good,,
2019-06-22 10:30:00," Quebrada Sonadora",,97.405,Good,,
2019-06-22 10:45:00," Quebrada Sonadora",,97.39,Good,,
2019-06-22 11:00:00," Quebrada Sonadora",,97.383,Good,,
2019-06-22 11:15:00," Quebrada Sonadora",,97.366,Good,,
2019-06-22 11:30:00," Quebrada Sonadora",,97.361,Good,,
2019-06-22 11:45:00," Quebrada Sonadora",,97.359,Good,,
2019-06-22 12:00:00," Quebrada Sonadora",,97.365,Good,,
2019-06-22 12:15:00," Quebrada Sonadora",,97.365,Good,,
2019-06-22 12:30:00," Quebrada Sonadora",,97.363,Good,,
2019-06-22 12:45:00," Quebrada Sonadora",,97.369,Good,,
2019-06-22 13:00:00," Quebrada Sonadora",,97.367,Good,,
2019-06-22 13:15:00," Quebrada Sonadora",,97.348,Good,,
2019-06-22 13:30:00," Quebrada Sonadora",,97.349,Good,,
2019-06-22 13:45:00," Quebrada Sonadora",,97.356,Good,,
2019-06-22 14:00:00," Quebrada Sonadora",,97.336,Good,,
2019-06-22 14:15:00," Quebrada Sonadora",,97.319,Good,,
2019-06-22 14:30:00," Quebrada Sonadora",,97.311,Good,,
2019-06-22 14:45:00," Quebrada Sonadora",,97.303,Good,,
2019-06-22 15:00:00," Quebrada Sonadora",,97.289,Good,,
2019-06-22 15:15:00," Quebrada Sonadora",,97.276,Good,,
2019-06-22 15:30:00," Quebrada Sonadora",,97.273,Good,,
2019-06-22 15:45:00," Quebrada Sonadora",,97.282,Good,,
2019-06-22 16:00:00," Quebrada Sonadora",,97.28,Good,,
2019-06-22 16:15:00," Quebrada Sonadora",,97.29,Good,,
2019-06-22 16:30:00," Quebrada Sonadora",,97.267,Good,,
2019-06-22 16:45:00," Quebrada Sonadora",,97.266,Good,,
2019-06-22 17:00:00," Quebrada Sonadora",,97.254,Good,,
2019-06-22 17:15:00," Quebrada Sonadora",,97.245,Good,,
2019-06-22 17:30:00," Quebrada Sonadora",,97.253,Good,,
2019-06-22 17:45:00," Quebrada Sonadora",,97.261,Good,,
2019-06-22 18:00:00," Quebrada Sonadora",,97.259,Good,,
2019-06-22 18:15:00," Quebrada Sonadora",,97.258,Good,,
2019-06-22 18:30:00," Quebrada Sonadora",,97.275,Good,,
2019-06-22 18:45:00," Quebrada Sonadora",,97.324,Good,,
2019-06-22 19:00:00," Quebrada Sonadora",,97.324,Good,,
2019-06-22 19:15:00," Quebrada Sonadora",,97.319,Good,,
2019-06-22 19:30:00," Quebrada Sonadora",,97.321,Good,,
2019-06-22 19:45:00," Quebrada Sonadora",,97.307,Good,,
2019-06-22 20:00:00," Quebrada Sonadora",,97.324,Good,,
2019-06-22 20:15:00," Quebrada Sonadora",,97.36,Good,,
2019-06-22 20:30:00," Quebrada Sonadora",,97.377,Good,,
2019-06-22 20:45:00," Quebrada Sonadora",,97.387,Good,,
2019-06-22 21:00:00," Quebrada Sonadora",,97.394,Good,,
2019-06-22 21:15:00," Quebrada Sonadora",,97.399,Good,,
2019-06-22 21:30:00," Quebrada Sonadora",,97.387,Good,,
2019-06-22 21:45:00," Quebrada Sonadora",,97.385,Good,,
2019-06-22 22:00:00," Quebrada Sonadora",,97.4,Good,,
2019-06-22 22:15:00," Quebrada Sonadora",,97.405,Good,,
2019-06-22 22:30:00," Quebrada Sonadora",,97.412,Good,,
2019-06-22 22:45:00," Quebrada Sonadora",,97.419,Good,,
2019-06-22 23:00:00," Quebrada Sonadora",,97.417,Good,,
2019-06-22 23:15:00," Quebrada Sonadora",,97.434,Good,,
2019-06-22 23:30:00," Quebrada Sonadora",,97.412,Good,,
2019-06-22 23:45:00," Quebrada Sonadora",,97.415,Good,,
2019-06-23 00:00:00," Quebrada Sonadora",,97.403,Good,,
2019-06-23 00:15:00," Quebrada Sonadora",,97.364,Good,,
2019-06-23 00:30:00," Quebrada Sonadora",,97.354,Good,,
2019-06-23 00:45:00," Quebrada Sonadora",,97.332,Good,,
2019-06-23 01:00:00," Quebrada Sonadora",,97.33,Good,,
2019-06-23 01:15:00," Quebrada Sonadora",,97.328,Good,,
2019-06-23 01:30:00," Quebrada Sonadora",,97.306,Good,,
2019-06-23 01:45:00," Quebrada Sonadora",,97.304,Good,,
2019-06-23 02:00:00," Quebrada Sonadora",,97.284,Good,,
2019-06-23 02:15:00," Quebrada Sonadora",,97.261,Good,,
2019-06-23 02:30:00," Quebrada Sonadora",,97.239,Good,,
2019-06-23 02:45:00," Quebrada Sonadora",,97.239,Good,,
2019-06-23 03:00:00," Quebrada Sonadora",,97.237,Good,,
2019-06-23 03:15:00," Quebrada Sonadora",,97.229,Good,,
2019-06-23 03:30:00," Quebrada Sonadora",,97.239,Good,,
2019-06-23 03:45:00," Quebrada Sonadora",,97.227,Good,,
2019-06-23 04:00:00," Quebrada Sonadora",,97.232,Good,,
2019-06-23 04:15:00," Quebrada Sonadora",,97.21,Good,,
2019-06-23 04:30:00," Quebrada Sonadora",,97.213,Good,,
2019-06-23 04:45:00," Quebrada Sonadora",,97.21,Good,,
2019-06-23 05:00:00," Quebrada Sonadora",,97.181,Good,,
2019-06-23 05:15:00," Quebrada Sonadora",,97.201,Good,,
2019-06-23 05:30:00," Quebrada Sonadora",,97.206,Good,,
2019-06-23 05:45:00," Quebrada Sonadora",,97.186,Good,,
2019-06-23 06:00:00," Quebrada Sonadora",,97.186,Good,,
2019-06-23 06:15:00," Quebrada Sonadora",,97.216,Good,,
2019-06-23 06:30:00," Quebrada Sonadora",,97.22,Good,,
2019-06-23 06:45:00," Quebrada Sonadora",,97.225,Good,,
2019-06-23 07:00:00," Quebrada Sonadora",,97.229,Good,,
2019-06-23 07:15:00," Quebrada Sonadora",,97.238,Good,,
2019-06-23 07:30:00," Quebrada Sonadora",,97.248,Good,,
2019-06-23 07:45:00," Quebrada Sonadora",,97.252,Good,,
2019-06-23 08:00:00," Quebrada Sonadora",,97.242,Good,,
2019-06-23 08:15:00," Quebrada Sonadora",,97.256,Good,,
2019-06-23 08:30:00," Quebrada Sonadora",,97.256,Good,,
2019-06-23 08:45:00," Quebrada Sonadora",,97.249,Good,,
2019-06-23 09:00:00," Quebrada Sonadora",,97.248,Good,,
2019-06-23 09:15:00," Quebrada Sonadora",,97.248,Good,,
2019-06-23 09:30:00," Quebrada Sonadora",,97.241,Good,,
2019-06-23 09:45:00," Quebrada Sonadora",,97.229,Good,,
2019-06-23 10:00:00," Quebrada Sonadora",,97.207,Good,,
2019-06-23 10:15:00," Quebrada Sonadora",,97.208,Good,,
2019-06-23 10:30:00," Quebrada Sonadora",,97.225,Good,,
2019-06-23 10:45:00," Quebrada Sonadora",,97.213,Good,,
2019-06-23 11:00:00," Quebrada Sonadora",,97.22,Good,,
2019-06-23 11:15:00," Quebrada Sonadora",,97.215,Good,,
2019-06-23 11:30:00," Quebrada Sonadora",,97.235,Good,,
2019-06-23 11:45:00," Quebrada Sonadora",,97.232,Good,,
2019-06-23 12:00:00," Quebrada Sonadora",,97.24,Good,,
2019-06-23 12:15:00," Quebrada Sonadora",,97.233,Good,,
2019-06-23 12:30:00," Quebrada Sonadora",,97.235,Good,,
2019-06-23 12:45:00," Quebrada Sonadora",,97.227,Good,,
2019-06-23 13:00:00," Quebrada Sonadora",,97.226,Good,,
2019-06-23 13:15:00," Quebrada Sonadora",,97.196,Good,,
2019-06-23 13:30:00," Quebrada Sonadora",,97.175,Good,,
2019-06-23 13:45:00," Quebrada Sonadora",,97.158,Good,,
2019-06-23 14:00:00," Quebrada Sonadora",,97.147,Good,,
2019-06-23 14:15:00," Quebrada Sonadora",,97.142,Good,,
2019-06-23 14:30:00," Quebrada Sonadora",,97.128,Good,,
2019-06-23 14:45:00," Quebrada Sonadora",,97.099,Good,,
2019-06-23 15:00:00," Quebrada Sonadora",,97.097,Good,,
2019-06-23 15:15:00," Quebrada Sonadora",,97.091,Good,,
2019-06-23 15:30:00," Quebrada Sonadora",,97.086,Good,,
2019-06-23 15:45:00," Quebrada Sonadora",,97.075,Good,,
2019-06-23 16:00:00," Quebrada Sonadora",,97.095,Good,,
2019-06-23 16:15:00," Quebrada Sonadora",,97.082,Good,,
2019-06-23 16:30:00," Quebrada Sonadora",,97.095,Good,,
2019-06-23 16:45:00," Quebrada Sonadora",,97.083,Good,,
2019-06-23 17:00:00," Quebrada Sonadora",,97.116,Good,,
2019-06-23 17:15:00," Quebrada Sonadora",,97.118,Good,,
2019-06-23 17:30:00," Quebrada Sonadora",,97.128,Good,,
2019-06-23 17:45:00," Quebrada Sonadora",,97.132,Good,,
2019-06-23 18:00:00," Quebrada Sonadora",,97.115,Good,,
2019-06-23 18:15:00," Quebrada Sonadora",,97.127,Good,,
2019-06-23 18:30:00," Quebrada Sonadora",,97.137,Good,,
2019-06-23 18:45:00," Quebrada Sonadora",,97.142,Good,,
2019-06-23 19:00:00," Quebrada Sonadora",,97.135,Good,,
2019-06-23 19:15:00," Quebrada Sonadora",,97.157,Good,,
2019-06-23 19:30:00," Quebrada Sonadora",,97.142,Good,,
2019-06-23 19:45:00," Quebrada Sonadora",,97.137,Good,,
2019-06-23 20:00:00," Quebrada Sonadora",,97.142,Good,,
2019-06-23 20:15:00," Quebrada Sonadora",,97.133,Good,,
2019-06-23 20:30:00," Quebrada Sonadora",,97.148,Good,,
2019-06-23 20:45:00," Quebrada Sonadora",,97.162,Good,,
2019-06-23 21:00:00," Quebrada Sonadora",,97.17,Good,,
2019-06-23 21:15:00," Quebrada Sonadora",,97.175,Good,,
2019-06-23 21:30:00," Quebrada Sonadora",,97.182,Good,,
2019-06-23 21:45:00," Quebrada Sonadora",,97.168,Good,,
2019-06-23 22:00:00," Quebrada Sonadora",,97.185,Good,,
2019-06-23 22:15:00," Quebrada Sonadora",,97.224,Good,,
2019-06-23 22:30:00," Quebrada Sonadora",,97.212,Good,,
2019-06-23 22:45:00," Quebrada Sonadora",,97.212,Good,,
2019-06-23 23:00:00," Quebrada Sonadora",,97.202,Good,,
2019-06-23 23:15:00," Quebrada Sonadora",,97.183,Good,,
2019-06-23 23:30:00," Quebrada Sonadora",,97.173,Good,,
2019-06-23 23:45:00," Quebrada Sonadora",,97.124,Good,,
2019-06-24 00:00:00," Quebrada Sonadora",,97.124,Good,,
2019-06-24 00:15:00," Quebrada Sonadora",,97.098,Good,,
2019-06-24 00:30:00," Quebrada Sonadora",,97.073,Good,,
2019-06-24 00:45:00," Quebrada Sonadora",,97.087,Good,,
2019-06-24 01:00:00," Quebrada Sonadora",,97.068,Good,,
2019-06-24 01:15:00," Quebrada Sonadora",,97.058,Good,,
2019-06-24 01:30:00," Quebrada Sonadora",,97.046,Good,,
2019-06-24 01:45:00," Quebrada Sonadora",,97.034,Good,,
2019-06-24 02:00:00," Quebrada Sonadora",,97.013,Good,,
2019-06-24 02:15:00," Quebrada Sonadora",,96.991,Good,,
2019-06-24 02:30:00," Quebrada Sonadora",,96.991,Good,,
2019-06-24 02:45:00," Quebrada Sonadora",,96.981,Good,,
2019-06-24 03:00:00," Quebrada Sonadora",,96.955,Good,,
2019-06-24 03:15:00," Quebrada Sonadora",,96.984,Good,,
2019-06-24 03:30:00," Quebrada Sonadora",,96.984,Good,,
2019-06-24 03:45:00," Quebrada Sonadora",,96.964,Good,,
2019-06-24 04:00:00," Quebrada Sonadora",,96.984,Good,,
2019-06-24 04:15:00," Quebrada Sonadora",,96.993,Good,,
2019-06-24 04:30:00," Quebrada Sonadora",,97.005,Good,,
2019-06-24 04:45:00," Quebrada Sonadora",,97.022,Good,,
2019-06-24 05:00:00," Quebrada Sonadora",,97.013,Good,,
2019-06-24 05:15:00," Quebrada Sonadora",,97.001,Good,,
2019-06-24 05:30:00," Quebrada Sonadora",,96.998,Good,,
2019-06-24 05:45:00," Quebrada Sonadora",,97.018,Good,,
2019-06-24 06:00:00," Quebrada Sonadora",,97.027,Good,,
2019-06-24 06:15:00," Quebrada Sonadora",,97.037,Good,,
2019-06-24 06:30:00," Quebrada Sonadora",,97.039,Good,,
2019-06-24 06:45:00," Quebrada Sonadora",,97.054,Good,,
2019-06-24 07:00:00," Quebrada Sonadora",,97.087,Good,,
2019-06-24 07:15:00," Quebrada Sonadora",,97.099,Good,,
2019-06-24 07:30:00," Quebrada Sonadora",,97.094,Good,,
2019-06-24 07:45:00," Quebrada Sonadora",,97.099,Good,,
2019-06-24 08:00:00," Quebrada Sonadora",,97.094,Good,,
2019-06-24 08:15:00," Quebrada Sonadora",,97.106,Good,,
2019-06-24 08:30:00," Quebrada Sonadora",,97.101,Good,,
2019-06-24 08:45:00," Quebrada Sonadora",,97.108,Good,,
2019-06-24 09:00:00," Quebrada Sonadora",,97.103,Good,,
2019-06-24 09:15:00," Quebrada Sonadora",,97.127,Good,,
2019-06-24 09:30:00," Quebrada Sonadora",,97.118,Good,,
2019-06-24 09:45:00," Quebrada Sonadora",,97.142,Good,,
2019-06-24 10:00:00," Quebrada Sonadora",,97.149,Good,,
2019-06-24 10:15:00," Quebrada Sonadora",,97.132,Good,,
2019-06-24 10:30:00," Quebrada Sonadora",,97.156,Good,,
2019-06-24 10:45:00," Quebrada Sonadora",,97.149,Good,,
2019-06-24 11:00:00," Quebrada Sonadora",,97.14,Good,,
2019-06-24 11:15:00," Quebrada Sonadora",,97.12,Good,,
2019-06-24 11:30:00," Quebrada Sonadora",,97.125,Good,,
2019-06-24 11:45:00," Quebrada Sonadora",,97.111,Good,,
2019-06-24 12:00:00," Quebrada Sonadora",,97.099,Good,,
2019-06-24 12:15:00," Quebrada Sonadora",,97.097,Good,,
2019-06-24 12:30:00," Quebrada Sonadora",,97.092,Good,,
2019-06-24 12:45:00," Quebrada Sonadora",,97.083,Good,,
2019-06-24 13:00:00," Quebrada Sonadora",,97.105,Good,,
2019-06-24 13:15:00," Quebrada Sonadora",,97.079,Good,,
2019-06-24 13:30:00," Quebrada Sonadora",,97.058,Good,,
2019-06-24 13:45:00," Quebrada Sonadora",,97.052,Good,,
2019-06-24 14:00:00," Quebrada Sonadora",,97.049,Good,,
2019-06-24 14:15:00," Quebrada Sonadora",,97.035,Good,,
2019-06-24 14:30:00," Quebrada Sonadora",,97.049,Good,,
2019-06-24 14:45:00," Quebrada Sonadora",,97.04,Good,,
2019-06-24 15:00:00," Quebrada Sonadora",,97.031,Good,,
2019-06-24 15:15:00," Quebrada Sonadora",,97.011,Good,,
2019-06-24 15:30:00," Quebrada Sonadora",,97.015,Good,,
2019-06-24 15:45:00," Quebrada Sonadora",,96.966,Good,,
2019-06-24 16:00:00," Quebrada Sonadora",,96.986,Good,,
2019-06-24 16:15:00," Quebrada Sonadora",,96.956,Good,,
2019-06-24 16:30:00," Quebrada Sonadora",,96.999,Good,,
2019-06-24 16:45:00," Quebrada Sonadora",,96.979,Good,,
2019-06-24 17:00:00," Quebrada Sonadora",,96.982,Good,,
2019-06-24 17:15:00," Quebrada Sonadora",,96.996,Good,,
2019-06-24 17:30:00," Quebrada Sonadora",,97.006,Good,,
2019-06-24 17:45:00," Quebrada Sonadora",,96.989,Good,,
2019-06-24 18:00:00," Quebrada Sonadora",,97.011,Good,,
2019-06-24 18:15:00," Quebrada Sonadora",,97.019,Good,,
2019-06-24 18:30:00," Quebrada Sonadora",,97.012,Good,,
2019-06-24 18:45:00," Quebrada Sonadora",,97.019,Good,,
2019-06-24 19:00:00," Quebrada Sonadora",,97.019,Good,,
2019-06-24 19:15:00," Quebrada Sonadora",,97.019,Good,,
2019-06-24 19:30:00," Quebrada Sonadora",,97.036,Good,,
2019-06-24 19:45:00," Quebrada Sonadora",,97.056,Good,,
2019-06-24 20:00:00," Quebrada Sonadora",,97.046,Good,,
2019-06-24 20:15:00," Quebrada Sonadora",,97.046,Good,,
2019-06-24 20:30:00," Quebrada Sonadora",,97.053,Good,,
2019-06-24 20:45:00," Quebrada Sonadora",,97.073,Good,,
2019-06-24 21:00:00," Quebrada Sonadora",,97.073,Good,,
2019-06-24 21:15:00," Quebrada Sonadora",,97.102,Good,,
2019-06-24 21:30:00," Quebrada Sonadora",,97.138,Good,,
2019-06-24 21:45:00," Quebrada Sonadora",,97.141,Good,,
2019-06-24 22:00:00," Quebrada Sonadora",,97.15,Good,,
2019-06-24 22:15:00," Quebrada Sonadora",,97.158,Good,,
2019-06-24 22:30:00," Quebrada Sonadora",,97.158,Good,,
2019-06-24 22:45:00," Quebrada Sonadora",,97.143,Good,,
2019-06-24 23:00:00," Quebrada Sonadora",,97.141,Good,,
2019-06-24 23:15:00," Quebrada Sonadora",,97.129,Good,,
2019-06-24 23:30:00," Quebrada Sonadora",,97.156,Good,,
2019-06-24 23:45:00," Quebrada Sonadora",,97.127,Good,,
2019-06-25 00:00:00," Quebrada Sonadora",,97.117,Good,,
2019-06-25 00:15:00," Quebrada Sonadora",,97.119,Good,,
2019-06-25 00:30:00," Quebrada Sonadora",,97.09,Good,,
2019-06-25 00:45:00," Quebrada Sonadora",,97.083,Good,,
2019-06-25 01:00:00," Quebrada Sonadora",,97.071,Good,,
2019-06-25 01:15:00," Quebrada Sonadora",,97.051,Good,,
2019-06-25 01:30:00," Quebrada Sonadora",,97.034,Good,,
2019-06-25 01:45:00," Quebrada Sonadora",,97.034,Good,,
2019-06-25 02:00:00," Quebrada Sonadora",,97.013,Good,,
2019-06-25 02:15:00," Quebrada Sonadora",,97.013,Good,,
2019-06-25 02:30:00," Quebrada Sonadora",,96.993,Good,,
2019-06-25 02:45:00," Quebrada Sonadora",,96.991,Good,,
2019-06-25 03:00:00," Quebrada Sonadora",,96.974,Good,,
2019-06-25 03:15:00," Quebrada Sonadora",,96.974,Good,,
2019-06-25 03:30:00," Quebrada Sonadora",,96.967,Good,,
2019-06-25 03:45:00," Quebrada Sonadora",,96.947,Good,,
2019-06-25 04:00:00," Quebrada Sonadora",,96.947,Good,,
2019-06-25 04:15:00," Quebrada Sonadora",,96.928,Good,,
2019-06-25 04:30:00," Quebrada Sonadora",,96.928,Good,,
2019-06-25 04:45:00," Quebrada Sonadora",,96.935,Good,,
2019-06-25 05:00:00," Quebrada Sonadora",,96.94,Good,,
2019-06-25 05:15:00," Quebrada Sonadora",,96.95,Good,,
2019-06-25 05:30:00," Quebrada Sonadora",,96.96,Good,,
2019-06-25 05:45:00," Quebrada Sonadora",,96.969,Good,,
2019-06-25 06:00:00," Quebrada Sonadora",,96.979,Good,,
2019-06-25 06:15:00," Quebrada Sonadora",,96.998,Good,,
2019-06-25 06:30:00," Quebrada Sonadora",,97.01,Good,,
2019-06-25 06:45:00," Quebrada Sonadora",,97.013,Good,,
2019-06-25 07:00:00," Quebrada Sonadora",,97.015,Good,,
2019-06-25 07:15:00," Quebrada Sonadora",,97.039,Good,,
2019-06-25 07:30:00," Quebrada Sonadora",,97.039,Good,,
2019-06-25 07:45:00," Quebrada Sonadora",,97.051,Good,,
2019-06-25 08:00:00," Quebrada Sonadora",,97.056,Good,,
2019-06-25 08:15:00," Quebrada Sonadora",,97.06,Good,,
2019-06-25 08:30:00," Quebrada Sonadora",,97.072,Good,,
2019-06-25 08:45:00," Quebrada Sonadora",,97.082,Good,,
2019-06-25 09:00:00," Quebrada Sonadora",,97.082,Good,,
2019-06-25 09:15:00," Quebrada Sonadora",,97.082,Good,,
2019-06-25 09:30:00," Quebrada Sonadora",,97.096,Good,,
2019-06-25 09:45:00," Quebrada Sonadora",,97.081,Good,,
2019-06-25 10:00:00," Quebrada Sonadora",,97.096,Good,,
2019-06-25 10:15:00," Quebrada Sonadora",,97.108,Good,,
2019-06-25 10:30:00," Quebrada Sonadora",,97.103,Good,,
2019-06-25 10:45:00," Quebrada Sonadora",,97.12,Good,,
2019-06-25 11:00:00," Quebrada Sonadora",,97.108,Good,,
2019-06-25 11:15:00," Quebrada Sonadora",,97.098,Good,,
2019-06-25 11:30:00," Quebrada Sonadora",,97.116,Good,,
2019-06-25 11:45:00," Quebrada Sonadora",,97.094,Good,,
2019-06-25 12:00:00," Quebrada Sonadora",,97.109,Good,,
2019-06-25 12:15:00," Quebrada Sonadora",,97.082,Good,,
2019-06-25 12:30:00," Quebrada Sonadora",,97.068,Good,,
2019-06-25 12:45:00," Quebrada Sonadora",,97.06,Good,,
2019-06-25 13:00:00," Quebrada Sonadora",,97.054,Good,,
2019-06-25 13:15:00," Quebrada Sonadora",,97.069,Good,,
2019-06-25 13:30:00," Quebrada Sonadora",,97.049,Good,,
2019-06-25 13:45:00," Quebrada Sonadora",,97.056,Good,,
2019-06-25 14:00:00," Quebrada Sonadora",,97.054,Good,,
2019-06-25 14:15:00," Quebrada Sonadora",,97.045,Good,,
2019-06-25 14:30:00," Quebrada Sonadora",,97.039,Good,,
2019-06-25 14:45:00," Quebrada Sonadora",,97.014,Good,,
2019-06-25 15:00:00," Quebrada Sonadora",,97.002,Good,,
2019-06-25 15:15:00," Quebrada Sonadora",,97.021,Good,,
2019-06-25 15:30:00," Quebrada Sonadora",,97.011,Good,,
2019-06-25 15:45:00," Quebrada Sonadora",,97.013,Good,,
2019-06-25 16:00:00," Quebrada Sonadora",,97.001,Good,,
2019-06-25 16:15:00," Quebrada Sonadora",,97.011,Good,,
2019-06-25 16:30:00," Quebrada Sonadora",,97.011,Good,,
2019-06-25 16:45:00," Quebrada Sonadora",,97.021,Good,,
2019-06-25 17:00:00," Quebrada Sonadora",,97.04,Good,,
2019-06-25 17:15:00," Quebrada Sonadora",,97.03,Good,,
2019-06-25 17:30:00," Quebrada Sonadora",,97.047,Good,,
2019-06-25 17:45:00," Quebrada Sonadora",,97.033,Good,,
2019-06-25 18:00:00," Quebrada Sonadora",,97.045,Good,,
2019-06-25 18:15:00," Quebrada Sonadora",,97.059,Good,,
2019-06-25 18:30:00," Quebrada Sonadora",,97.055,Good,,
2019-06-25 18:45:00," Quebrada Sonadora",,97.091,Good,,
2019-06-25 19:00:00," Quebrada Sonadora",,97.096,Good,,
2019-06-25 19:15:00," Quebrada Sonadora",,97.082,Good,,
2019-06-25 19:30:00," Quebrada Sonadora",,97.108,Good,,
2019-06-25 19:45:00," Quebrada Sonadora",,97.113,Good,,
2019-06-25 20:00:00," Quebrada Sonadora",,97.121,Good,,
2019-06-25 20:15:00," Quebrada Sonadora",,97.147,Good,,
2019-06-25 20:30:00," Quebrada Sonadora",,97.145,Good,,
2019-06-25 20:45:00," Quebrada Sonadora",,97.143,Good,,
2019-06-25 21:00:00," Quebrada Sonadora",,97.121,Good,,
2019-06-25 21:15:00," Quebrada Sonadora",,97.15,Good,,
2019-06-25 21:30:00," Quebrada Sonadora",,97.169,Good,,
2019-06-25 21:45:00," Quebrada Sonadora",,97.198,Good,,
2019-06-25 22:00:00," Quebrada Sonadora",,97.206,Good,,
2019-06-25 22:15:00," Quebrada Sonadora",,97.203,Good,,
2019-06-25 22:30:00," Quebrada Sonadora",,97.22,Good,,
2019-06-25 22:45:00," Quebrada Sonadora",,97.245,Good,,
2019-06-25 23:00:00," Quebrada Sonadora",,97.245,Good,,
2019-06-25 23:15:00," Quebrada Sonadora",,97.223,Good,,
2019-06-25 23:30:00," Quebrada Sonadora",,97.211,Good,,
2019-06-25 23:45:00," Quebrada Sonadora",,97.172,Good,,
2019-06-26 00:00:00," Quebrada Sonadora",,97.17,Good,,
2019-06-26 00:15:00," Quebrada Sonadora",,97.17,Good,,
2019-06-26 00:30:00," Quebrada Sonadora",,97.168,Good,,
2019-06-26 00:45:00," Quebrada Sonadora",,97.146,Good,,
2019-06-26 01:00:00," Quebrada Sonadora",,97.146,Good,,
2019-06-26 01:15:00," Quebrada Sonadora",,97.112,Good,,
2019-06-26 01:30:00," Quebrada Sonadora",,97.083,Good,,
2019-06-26 01:45:00," Quebrada Sonadora",,97.064,Good,,
2019-06-26 02:00:00," Quebrada Sonadora",,97.074,Good,,
2019-06-26 02:15:00," Quebrada Sonadora",,97.083,Good,,
2019-06-26 02:30:00," Quebrada Sonadora",,97.083,Good,,
2019-06-26 02:45:00," Quebrada Sonadora",,97.054,Good,,
2019-06-26 03:00:00," Quebrada Sonadora",,97.066,Good,,
2019-06-26 03:15:00," Quebrada Sonadora",,97.076,Good,,
2019-06-26 03:30:00," Quebrada Sonadora",,97.083,Good,,
2019-06-26 03:45:00," Quebrada Sonadora",,97.079,Good,,
2019-06-26 04:00:00," Quebrada Sonadora",,97.088,Good,,
2019-06-26 04:15:00," Quebrada Sonadora",,97.096,Good,,
2019-06-26 04:30:00," Quebrada Sonadora",,97.094,Good,,
2019-06-26 04:45:00," Quebrada Sonadora",,97.091,Good,,
2019-06-26 05:00:00," Quebrada Sonadora",,97.082,Good,,
2019-06-26 05:15:00," Quebrada Sonadora",,97.12,Good,,
2019-06-26 05:30:00," Quebrada Sonadora",,97.12,Good,,
2019-06-26 05:45:00," Quebrada Sonadora",,97.101,Good,,
2019-06-26 06:00:00," Quebrada Sonadora",,97.12,Good,,
2019-06-26 06:15:00," Quebrada Sonadora",,97.161,Good,,
2019-06-26 06:30:00," Quebrada Sonadora",,97.171,Good,,
2019-06-26 06:45:00," Quebrada Sonadora",,97.193,Good,,
2019-06-26 07:00:00," Quebrada Sonadora",,97.195,Good,,
2019-06-26 07:15:00," Quebrada Sonadora",,97.197,Good,,
2019-06-26 07:30:00," Quebrada Sonadora",,97.18,Good,,
2019-06-26 07:45:00," Quebrada Sonadora",,97.212,Good,,
2019-06-26 08:00:00," Quebrada Sonadora",,97.206,Good,,
2019-06-26 08:15:00," Quebrada Sonadora",,97.23,Good,,
2019-06-26 08:30:00," Quebrada Sonadora",,97.24,Good,,
2019-06-26 08:45:00," Quebrada Sonadora",,97.242,Good,,
2019-06-26 09:00:00," Quebrada Sonadora",,97.258,Good,,
2019-06-26 09:15:00," Quebrada Sonadora",,97.261,Good,,
2019-06-26 09:30:00," Quebrada Sonadora",,97.273,Good,,
2019-06-26 09:45:00," Quebrada Sonadora",,97.273,Good,,
2019-06-26 10:00:00," Quebrada Sonadora",,97.282,Good,,
2019-06-26 10:15:00," Quebrada Sonadora",,97.285,Good,,
2019-06-26 10:30:00," Quebrada Sonadora",,97.287,Good,,
2019-06-26 10:45:00," Quebrada Sonadora",,97.285,Good,,
2019-06-26 11:00:00," Quebrada Sonadora",,97.268,Good,,
2019-06-26 11:15:00," Quebrada Sonadora",,97.261,Good,,
2019-06-26 11:30:00," Quebrada Sonadora",,97.266,Good,,
2019-06-26 11:45:00," Quebrada Sonadora",,97.24,Good,,
2019-06-26 12:00:00," Quebrada Sonadora",,97.225,Good,,
2019-06-26 12:15:00," Quebrada Sonadora",,97.204,Good,,
2019-06-26 12:30:00," Quebrada Sonadora",,97.205,Good,,
2019-06-26 12:45:00," Quebrada Sonadora",,97.175,Good,,
2019-06-26 13:00:00," Quebrada Sonadora",,97.177,Good,,
2019-06-26 13:15:00," Quebrada Sonadora",,97.174,Good,,
2019-06-26 13:30:00," Quebrada Sonadora",,97.153,Good,,
2019-06-26 13:45:00," Quebrada Sonadora",,97.126,Good,,
2019-06-26 14:00:00," Quebrada Sonadora",,97.118,Good,,
2019-06-26 14:15:00," Quebrada Sonadora",,97.107,Good,,
2019-06-26 14:30:00," Quebrada Sonadora",,97.082,Good,,
2019-06-26 14:45:00," Quebrada Sonadora",,97.053,Good,,
2019-06-26 15:00:00," Quebrada Sonadora",,97.05,Good,,
2019-06-26 15:15:00," Quebrada Sonadora",,97.067,Good,,
2019-06-26 15:30:00," Quebrada Sonadora",,97.072,Good,,
2019-06-26 15:45:00," Quebrada Sonadora",,97.066,Good,,
2019-06-26 16:00:00," Quebrada Sonadora",,97.048,Good,,
2019-06-26 16:15:00," Quebrada Sonadora",,97.033,Good,,
2019-06-26 16:30:00," Quebrada Sonadora",,97.032,Good,,
2019-06-26 16:45:00," Quebrada Sonadora",,97.042,Good,,
2019-06-26 17:00:00," Quebrada Sonadora",,97.012,Good,,
2019-06-26 17:15:00," Quebrada Sonadora",,97.0,Good,,
2019-06-26 17:30:00," Quebrada Sonadora",,96.999,Good,,
2019-06-26 17:45:00," Quebrada Sonadora",,97.005,Good,,
2019-06-26 18:00:00," Quebrada Sonadora",,97.006,Good,,
2019-06-26 18:15:00," Quebrada Sonadora",,97.011,Good,,
2019-06-26 18:30:00," Quebrada Sonadora",,97.023,Good,,
2019-06-26 18:45:00," Quebrada Sonadora",,97.062,Good,,
2019-06-26 19:00:00," Quebrada Sonadora",,97.072,Good,,
2019-06-26 19:15:00," Quebrada Sonadora",,97.081,Good,,
2019-06-26 19:30:00," Quebrada Sonadora",,97.084,Good,,
2019-06-26 19:45:00," Quebrada Sonadora",,97.077,Good,,
2019-06-26 20:00:00," Quebrada Sonadora",,97.103,Good,,
2019-06-26 20:15:00," Quebrada Sonadora",,97.108,Good,,
2019-06-26 20:30:00," Quebrada Sonadora",,97.143,Good,,
2019-06-26 20:45:00," Quebrada Sonadora",,97.148,Good,,
2019-06-26 21:00:00," Quebrada Sonadora",,97.138,Good,,
2019-06-26 21:15:00," Quebrada Sonadora",,97.14,Good,,
2019-06-26 21:30:00," Quebrada Sonadora",,97.143,Good,,
2019-06-26 21:45:00," Quebrada Sonadora",,97.152,Good,,
2019-06-26 22:00:00," Quebrada Sonadora",,97.169,Good,,
2019-06-26 22:15:00," Quebrada Sonadora",,97.179,Good,,
2019-06-26 22:30:00," Quebrada Sonadora",,97.177,Good,,
2019-06-26 22:45:00," Quebrada Sonadora",,97.189,Good,,
2019-06-26 23:00:00," Quebrada Sonadora",,97.172,Good,,
2019-06-26 23:15:00," Quebrada Sonadora",,97.15,Good,,
2019-06-26 23:30:00," Quebrada Sonadora",,97.143,Good,,
2019-06-26 23:45:00," Quebrada Sonadora",,97.123,Good,,
2019-06-27 00:00:00," Quebrada Sonadora",,97.13,Good,,
2019-06-27 00:15:00," Quebrada Sonadora",,97.116,Good,,
2019-06-27 00:30:00," Quebrada Sonadora",,97.097,Good,,
2019-06-27 00:45:00," Quebrada Sonadora",,97.065,Good,,
2019-06-27 01:00:00," Quebrada Sonadora",,97.046,Good,,
2019-06-27 01:15:00," Quebrada Sonadora",,97.039,Good,,
2019-06-27 01:30:00," Quebrada Sonadora",,97.031,Good,,
2019-06-27 01:45:00," Quebrada Sonadora",,97.012,Good,,
2019-06-27 02:00:00," Quebrada Sonadora",,96.992,Good,,
2019-06-27 02:15:00," Quebrada Sonadora",,96.975,Good,,
2019-06-27 02:30:00," Quebrada Sonadora",,96.966,Good,,
2019-06-27 02:45:00," Quebrada Sonadora",,96.961,Good,,
2019-06-27 03:00:00," Quebrada Sonadora",,96.968,Good,,
2019-06-27 03:15:00," Quebrada Sonadora",,96.986,Good,,
2019-06-27 03:30:00," Quebrada Sonadora",,96.976,Good,,
2019-06-27 03:45:00," Quebrada Sonadora",,96.981,Good,,
2019-06-27 04:00:00," Quebrada Sonadora",,96.991,Good,,
2019-06-27 04:15:00," Quebrada Sonadora",,97.008,Good,,
2019-06-27 04:30:00," Quebrada Sonadora",,96.988,Good,,
2019-06-27 04:45:00," Quebrada Sonadora",,96.991,Good,,
2019-06-27 05:00:00," Quebrada Sonadora",,97.01,Good,,
2019-06-27 05:15:00," Quebrada Sonadora",,96.991,Good,,
2019-06-27 05:30:00," Quebrada Sonadora",,97.02,Good,,
2019-06-27 05:45:00," Quebrada Sonadora",,97.032,Good,,
2019-06-27 06:00:00," Quebrada Sonadora",,97.022,Good,,
2019-06-27 06:15:00," Quebrada Sonadora",,97.049,Good,,
2019-06-27 06:30:00," Quebrada Sonadora",,97.066,Good,,
2019-06-27 06:45:00," Quebrada Sonadora",,97.051,Good,,
2019-06-27 07:00:00," Quebrada Sonadora",,97.088,Good,,
2019-06-27 07:15:00," Quebrada Sonadora",,97.088,Good,,
2019-06-27 07:30:00," Quebrada Sonadora",,97.102,Good,,
2019-06-27 07:45:00," Quebrada Sonadora",,97.11,Good,,
2019-06-27 08:00:00," Quebrada Sonadora",,97.129,Good,,
2019-06-27 08:15:00," Quebrada Sonadora",,97.126,Good,,
2019-06-27 08:30:00," Quebrada Sonadora",,97.111,Good,,
2019-06-27 08:45:00," Quebrada Sonadora",,97.138,Good,,
2019-06-27 09:00:00," Quebrada Sonadora",,97.15,Good,,
2019-06-27 09:15:00," Quebrada Sonadora",,97.152,Good,,
2019-06-27 09:30:00," Quebrada Sonadora",,97.179,Good,,
2019-06-27 09:45:00," Quebrada Sonadora",,97.179,Good,,
2019-06-27 10:00:00," Quebrada Sonadora",,97.188,Good,,
2019-06-27 10:15:00," Quebrada Sonadora",,97.195,Good,,
2019-06-27 10:30:00," Quebrada Sonadora",,97.198,Good,,
2019-06-27 10:45:00," Quebrada Sonadora",,97.19,Good,,
2019-06-27 11:00:00," Quebrada Sonadora",,97.198,Good,,
2019-06-27 11:15:00," Quebrada Sonadora",,97.188,Good,,
2019-06-27 11:30:00," Quebrada Sonadora",,97.195,Good,,
2019-06-27 11:45:00," Quebrada Sonadora",,97.188,Good,,
2019-06-27 12:00:00," Quebrada Sonadora",,97.164,Good,,
2019-06-27 12:15:00," Quebrada Sonadora",,97.164,Good,,
2019-06-27 12:30:00," Quebrada Sonadora",,97.154,Good,,
2019-06-27 12:45:00," Quebrada Sonadora",,97.137,Good,,
2019-06-27 13:00:00," Quebrada Sonadora",,97.135,Good,,
2019-06-27 13:15:00," Quebrada Sonadora",,97.113,Good,,
2019-06-27 13:30:00," Quebrada Sonadora",,97.119,Good,,
2019-06-27 13:45:00," Quebrada Sonadora",,97.094,Good,,
2019-06-27 14:00:00," Quebrada Sonadora",,97.087,Good,,
2019-06-27 14:15:00," Quebrada Sonadora",,97.095,Good,,
2019-06-27 14:30:00," Quebrada Sonadora",,97.101,Good,,
2019-06-27 14:45:00," Quebrada Sonadora",,97.075,Good,,
2019-06-27 15:00:00," Quebrada Sonadora",,97.083,Good,,
2019-06-27 15:15:00," Quebrada Sonadora",,97.048,Good,,
2019-06-27 15:30:00," Quebrada Sonadora",,97.061,Good,,
2019-06-27 15:45:00," Quebrada Sonadora",,97.042,Good,,
2019-06-27 16:00:00," Quebrada Sonadora",,97.023,Good,,
2019-06-27 16:15:00," Quebrada Sonadora",,97.017,Good,,
2019-06-27 16:30:00," Quebrada Sonadora",,97.047,Good,,
2019-06-27 16:45:00," Quebrada Sonadora",,97.035,Good,,
2019-06-27 17:00:00," Quebrada Sonadora",,97.034,Good,,
2019-06-27 17:15:00," Quebrada Sonadora",,97.032,Good,,
2019-06-27 17:30:00," Quebrada Sonadora",,96.996,Good,,
2019-06-27 17:45:00," Quebrada Sonadora",,97.004,Good,,
2019-06-27 18:00:00," Quebrada Sonadora",,96.984,Good,,
2019-06-27 18:15:00," Quebrada Sonadora",,96.999,Good,,
2019-06-27 18:30:00," Quebrada Sonadora",,97.016,Good,,
2019-06-27 18:45:00," Quebrada Sonadora",,97.04,Good,,
2019-06-27 19:00:00," Quebrada Sonadora",,97.064,Good,,
2019-06-27 19:15:00," Quebrada Sonadora",,97.072,Good,,
2019-06-27 19:30:00," Quebrada Sonadora",,97.096,Good,,
2019-06-27 19:45:00," Quebrada Sonadora",,97.101,Good,,
2019-06-27 20:00:00," Quebrada Sonadora",,97.099,Good,,
2019-06-27 20:15:00," Quebrada Sonadora",,97.116,Good,,
2019-06-27 20:30:00," Quebrada Sonadora",,97.126,Good,,
2019-06-27 20:45:00," Quebrada Sonadora",,97.131,Good,,
2019-06-27 21:00:00," Quebrada Sonadora",,97.158,Good,,
2019-06-27 21:15:00," Quebrada Sonadora",,97.146,Good,,
2019-06-27 21:30:00," Quebrada Sonadora",,97.177,Good,,
2019-06-27 21:45:00," Quebrada Sonadora",,97.191,Good,,
2019-06-27 22:00:00," Quebrada Sonadora",,97.206,Good,,
2019-06-27 22:15:00," Quebrada Sonadora",,97.206,Good,,
2019-06-27 22:30:00," Quebrada Sonadora",,97.213,Good,,
2019-06-27 22:45:00," Quebrada Sonadora",,97.211,Good,,
2019-06-27 23:00:00," Quebrada Sonadora",,97.2,Good,,
2019-06-27 23:15:00," Quebrada Sonadora",,97.197,Good,,
2019-06-27 23:30:00," Quebrada Sonadora",,97.195,Good,,
2019-06-27 23:45:00," Quebrada Sonadora",,97.195,Good,,
2019-06-28 00:00:00," Quebrada Sonadora",,97.166,Good,,
2019-06-28 00:15:00," Quebrada Sonadora",,97.176,Good,,
2019-06-28 00:30:00," Quebrada Sonadora",,97.147,Good,,
2019-06-28 00:45:00," Quebrada Sonadora",,97.137,Good,,
2019-06-28 01:00:00," Quebrada Sonadora",,97.115,Good,,
2019-06-28 01:15:00," Quebrada Sonadora",,97.088,Good,,
2019-06-28 01:30:00," Quebrada Sonadora",,97.096,Good,,
2019-06-28 01:45:00," Quebrada Sonadora",,97.064,Good,,
2019-06-28 02:00:00," Quebrada Sonadora",,97.055,Good,,
2019-06-28 02:15:00," Quebrada Sonadora",,97.035,Good,,
2019-06-28 02:30:00," Quebrada Sonadora",,97.035,Good,,
2019-06-28 02:45:00," Quebrada Sonadora",,97.045,Good,,
2019-06-28 03:00:00," Quebrada Sonadora",,97.072,Good,,
2019-06-28 03:15:00," Quebrada Sonadora",,97.07,Good,,
2019-06-28 03:30:00," Quebrada Sonadora",,97.048,Good,,
2019-06-28 03:45:00," Quebrada Sonadora",,97.065,Good,,
2019-06-28 04:00:00," Quebrada Sonadora",,97.038,Good,,
2019-06-28 04:15:00," Quebrada Sonadora",,97.026,Good,,
2019-06-28 04:30:00," Quebrada Sonadora",,97.029,Good,,
2019-06-28 04:45:00," Quebrada Sonadora",,97.05,Good,,
2019-06-28 05:00:00," Quebrada Sonadora",,97.031,Good,,
2019-06-28 05:15:00," Quebrada Sonadora",,97.064,Good,,
2019-06-28 05:30:00," Quebrada Sonadora",,97.055,Good,,
2019-06-28 05:45:00," Quebrada Sonadora",,97.069,Good,,
2019-06-28 06:00:00," Quebrada Sonadora",,97.081,Good,,
2019-06-28 06:15:00," Quebrada Sonadora",,97.083,Good,,
2019-06-28 06:30:00," Quebrada Sonadora",,97.115,Good,,
2019-06-28 06:45:00," Quebrada Sonadora",,97.132,Good,,
2019-06-28 07:00:00," Quebrada Sonadora",,97.159,Good,,
2019-06-28 07:15:00," Quebrada Sonadora",,97.188,Good,,
2019-06-28 07:30:00," Quebrada Sonadora",,97.18,Good,,
2019-06-28 07:45:00," Quebrada Sonadora",,97.199,Good,,
2019-06-28 08:00:00," Quebrada Sonadora",,97.213,Good,,
2019-06-28 08:15:00," Quebrada Sonadora",,97.199,Good,,
2019-06-28 08:30:00," Quebrada Sonadora",,97.211,Good,,
2019-06-28 08:45:00," Quebrada Sonadora",,97.206,Good,,
2019-06-28 09:00:00," Quebrada Sonadora",,97.237,Good,,
2019-06-28 09:15:00," Quebrada Sonadora",,97.232,Good,,
2019-06-28 09:30:00," Quebrada Sonadora",,97.244,Good,,
2019-06-28 09:45:00," Quebrada Sonadora",,97.242,Good,,
2019-06-28 10:00:00," Quebrada Sonadora",,97.258,Good,,
2019-06-28 10:15:00," Quebrada Sonadora",,97.261,Good,,
2019-06-28 10:30:00," Quebrada Sonadora",,97.27,Good,,
2019-06-28 10:45:00," Quebrada Sonadora",,97.27,Good,,
2019-06-28 11:00:00," Quebrada Sonadora",,97.271,Good,,
2019-06-28 11:15:00," Quebrada Sonadora",,97.275,Good,,
2019-06-28 11:30:00," Quebrada Sonadora",,97.28,Good,,
2019-06-28 11:45:00," Quebrada Sonadora",,97.264,Good,,
2019-06-28 12:00:00," Quebrada Sonadora",,97.266,Good,,
2019-06-28 12:15:00," Quebrada Sonadora",,97.256,Good,,
2019-06-28 12:30:00," Quebrada Sonadora",,97.255,Good,,
2019-06-28 12:45:00," Quebrada Sonadora",,97.26,Good,,
2019-06-28 13:00:00," Quebrada Sonadora",,97.247,Good,,
2019-06-28 13:15:00," Quebrada Sonadora",,97.221,Good,,
2019-06-28 13:30:00," Quebrada Sonadora",,97.211,Good,,
2019-06-28 13:45:00," Quebrada Sonadora",,97.196,Good,,
2019-06-28 14:00:00," Quebrada Sonadora",,97.168,Good,,
2019-06-28 14:15:00," Quebrada Sonadora",,97.168,Good,,
2019-06-28 14:30:00," Quebrada Sonadora",,97.187,Good,,
2019-06-28 14:45:00," Quebrada Sonadora",,97.179,Good,,
2019-06-28 15:00:00," Quebrada Sonadora",,97.144,Good,,
2019-06-28 15:15:00," Quebrada Sonadora",,97.154,Good,,
2019-06-28 15:30:00," Quebrada Sonadora",,97.128,Good,,
2019-06-28 15:45:00," Quebrada Sonadora",,97.15,Good,,
2019-06-28 16:00:00," Quebrada Sonadora",,97.144,Good,,
2019-06-28 16:15:00," Quebrada Sonadora",,97.15,Good,,
2019-06-28 16:30:00," Quebrada Sonadora",,97.129,Good,,
2019-06-28 16:45:00," Quebrada Sonadora",,97.131,Good,,
2019-06-28 17:00:00," Quebrada Sonadora",,97.135,Good,,
2019-06-28 17:15:00," Quebrada Sonadora",,97.128,Good,,
2019-06-28 17:30:00," Quebrada Sonadora",,97.12,Good,,
2019-06-28 17:45:00," Quebrada Sonadora",,97.142,Good,,
2019-06-28 18:00:00," Quebrada Sonadora",,97.118,Good,,
2019-06-28 18:15:00," Quebrada Sonadora",,97.12,Good,,
2019-06-28 18:30:00," Quebrada Sonadora",,97.135,Good,,
2019-06-28 18:45:00," Quebrada Sonadora",,97.136,Good,,
2019-06-28 19:00:00," Quebrada Sonadora",,97.167,Good,,
2019-06-28 19:15:00," Quebrada Sonadora",,97.204,Good,,
2019-06-28 19:30:00," Quebrada Sonadora",,97.223,Good,,
2019-06-28 19:45:00," Quebrada Sonadora",,97.213,Good,,
2019-06-28 20:00:00," Quebrada Sonadora",,97.233,Good,,
2019-06-28 20:15:00," Quebrada Sonadora",,97.225,Good,,
2019-06-28 20:30:00," Quebrada Sonadora",,97.25,Good,,
2019-06-28 20:45:00," Quebrada Sonadora",,97.248,Good,,
2019-06-28 21:00:00," Quebrada Sonadora",,97.267,Good,,
2019-06-28 21:15:00," Quebrada Sonadora",,97.269,Good,,
2019-06-28 21:30:00," Quebrada Sonadora",,97.269,Good,,
2019-06-28 21:45:00," Quebrada Sonadora",,97.298,Good,,
2019-06-28 22:00:00," Quebrada Sonadora",,97.301,Good,,
2019-06-28 22:15:00," Quebrada Sonadora",,97.306,Good,,
2019-06-28 22:30:00," Quebrada Sonadora",,97.289,Good,,
2019-06-28 22:45:00," Quebrada Sonadora",,97.298,Good,,
2019-06-28 23:00:00," Quebrada Sonadora",,97.286,Good,,
2019-06-28 23:15:00," Quebrada Sonadora",,97.296,Good,,
2019-06-28 23:30:00," Quebrada Sonadora",,97.257,Good,,
2019-06-28 23:45:00," Quebrada Sonadora",,97.26,Good,,
2019-06-29 00:00:00," Quebrada Sonadora",,97.243,Good,,
2019-06-29 00:15:00," Quebrada Sonadora",,97.24,Good,,
2019-06-29 00:30:00," Quebrada Sonadora",,97.216,Good,,
2019-06-29 00:45:00," Quebrada Sonadora",,97.194,Good,,
2019-06-29 01:00:00," Quebrada Sonadora",,97.182,Good,,
2019-06-29 01:15:00," Quebrada Sonadora",,97.163,Good,,
2019-06-29 01:30:00," Quebrada Sonadora",,97.134,Good,,
2019-06-29 01:45:00," Quebrada Sonadora",,97.114,Good,,
2019-06-29 02:00:00," Quebrada Sonadora",,97.131,Good,,
2019-06-29 02:15:00," Quebrada Sonadora",,97.112,Good,,
2019-06-29 02:30:00," Quebrada Sonadora",,97.114,Good,,
2019-06-29 02:45:00," Quebrada Sonadora",,97.107,Good,,
2019-06-29 03:00:00," Quebrada Sonadora",,97.095,Good,,
2019-06-29 03:15:00," Quebrada Sonadora",,97.085,Good,,
2019-06-29 03:30:00," Quebrada Sonadora",,97.083,Good,,
2019-06-29 03:45:00," Quebrada Sonadora",,97.073,Good,,
2019-06-29 04:00:00," Quebrada Sonadora",,97.071,Good,,
2019-06-29 04:15:00," Quebrada Sonadora",,97.061,Good,,
2019-06-29 04:30:00," Quebrada Sonadora",,97.059,Good,,
2019-06-29 04:45:00," Quebrada Sonadora",,97.042,Good,,
2019-06-29 05:00:00," Quebrada Sonadora",,97.051,Good,,
2019-06-29 05:15:00," Quebrada Sonadora",,97.057,Good,,
2019-06-29 05:30:00," Quebrada Sonadora",,97.057,Good,,
2019-06-29 05:45:00," Quebrada Sonadora",,97.073,Good,,
2019-06-29 06:00:00," Quebrada Sonadora",,97.078,Good,,
2019-06-29 06:15:00," Quebrada Sonadora",,97.117,Good,,
2019-06-29 06:30:00," Quebrada Sonadora",,97.167,Good,,
2019-06-29 06:45:00," Quebrada Sonadora",,97.177,Good,,
2019-06-29 07:00:00," Quebrada Sonadora",,97.184,Good,,
2019-06-29 07:15:00," Quebrada Sonadora",,97.196,Good,,
2019-06-29 07:30:00," Quebrada Sonadora",,97.227,Good,,
2019-06-29 07:45:00," Quebrada Sonadora",,97.252,Good,,
2019-06-29 08:00:00," Quebrada Sonadora",,97.254,Good,,
2019-06-29 08:15:00," Quebrada Sonadora",,97.242,Good,,
2019-06-29 08:30:00," Quebrada Sonadora",,97.258,Good,,
2019-06-29 08:45:00," Quebrada Sonadora",,97.263,Good,,
2019-06-29 09:00:00," Quebrada Sonadora",,97.285,Good,,
2019-06-29 09:15:00," Quebrada Sonadora",,97.28,Good,,
2019-06-29 09:30:00," Quebrada Sonadora",,97.292,Good,,
2019-06-29 09:45:00," Quebrada Sonadora",,97.299,Good,,
2019-06-29 10:00:00," Quebrada Sonadora",,97.304,Good,,
2019-06-29 10:15:00," Quebrada Sonadora",,97.324,Good,,
2019-06-29 10:30:00," Quebrada Sonadora",,97.336,Good,,
2019-06-29 10:45:00," Quebrada Sonadora",,97.351,Good,,
2019-06-29 11:00:00," Quebrada Sonadora",,97.361,Good,,
2019-06-29 11:15:00," Quebrada Sonadora",,97.383,Good,,
2019-06-29 11:30:00," Quebrada Sonadora",,97.383,Good,,
2019-06-29 11:45:00," Quebrada Sonadora",,97.378,Good,,
2019-06-29 12:00:00," Quebrada Sonadora",,97.371,Good,,
2019-06-29 12:15:00," Quebrada Sonadora",,97.362,Good,,
2019-06-29 12:30:00," Quebrada Sonadora",,97.355,Good,,
2019-06-29 12:45:00," Quebrada Sonadora",,97.351,Good,,
2019-06-29 13:00:00," Quebrada Sonadora",,97.319,Good,,
2019-06-29 13:15:00," Quebrada Sonadora",,97.311,Good,,
2019-06-29 13:30:00," Quebrada Sonadora",,97.311,Good,,
2019-06-29 13:45:00," Quebrada Sonadora",,97.262,Good,,
2019-06-29 14:00:00," Quebrada Sonadora",,97.252,Good,,
2019-06-29 14:15:00," Quebrada Sonadora",,97.252,Good,,
2019-06-29 14:30:00," Quebrada Sonadora",,97.225,Good,,
2019-06-29 14:45:00," Quebrada Sonadora",,97.222,Good,,
2019-06-29 15:00:00," Quebrada Sonadora",,97.219,Good,,
2019-06-29 15:15:00," Quebrada Sonadora",,97.195,Good,,
2019-06-29 15:30:00," Quebrada Sonadora",,97.186,Good,,
2019-06-29 15:45:00," Quebrada Sonadora",,97.171,Good,,
2019-06-29 16:00:00," Quebrada Sonadora",,97.169,Good,,
2019-06-29 16:15:00," Quebrada Sonadora",,97.165,Good,,
2019-06-29 16:30:00," Quebrada Sonadora",,97.141,Good,,
2019-06-29 16:45:00," Quebrada Sonadora",,97.15,Good,,
2019-06-29 17:00:00," Quebrada Sonadora",,97.152,Good,,
2019-06-29 17:15:00," Quebrada Sonadora",,97.159,Good,,
2019-06-29 17:30:00," Quebrada Sonadora",,97.171,Good,,
2019-06-29 17:45:00," Quebrada Sonadora",,97.144,Good,,
2019-06-29 18:00:00," Quebrada Sonadora",,97.152,Good,,
2019-06-29 18:15:00," Quebrada Sonadora",,97.173,Good,,
2019-06-29 18:30:00," Quebrada Sonadora",,97.169,Good,,
2019-06-29 18:45:00," Quebrada Sonadora",,97.193,Good,,
2019-06-29 19:00:00," Quebrada Sonadora",,97.219,Good,,
2019-06-29 19:15:00," Quebrada Sonadora",,97.236,Good,,
2019-06-29 19:30:00," Quebrada Sonadora",,97.222,Good,,
2019-06-29 19:45:00," Quebrada Sonadora",,97.239,Good,,
2019-06-29 20:00:00," Quebrada Sonadora",,97.239,Good,,
2019-06-29 20:15:00," Quebrada Sonadora",,97.256,Good,,
2019-06-29 20:30:00," Quebrada Sonadora",,97.263,Good,,
2019-06-29 20:45:00," Quebrada Sonadora",,97.273,Good,,
2019-06-29 21:00:00," Quebrada Sonadora",,97.266,Good,,
2019-06-29 21:15:00," Quebrada Sonadora",,97.254,Good,,
2019-06-29 21:30:00," Quebrada Sonadora",,97.263,Good,,
2019-06-29 21:45:00," Quebrada Sonadora",,97.275,Good,,
2019-06-29 22:00:00," Quebrada Sonadora",,97.292,Good,,
2019-06-29 22:15:00," Quebrada Sonadora",,97.28,Good,,
2019-06-29 22:30:00," Quebrada Sonadora",,97.278,Good,,
2019-06-29 22:45:00," Quebrada Sonadora",,97.285,Good,,
2019-06-29 23:00:00," Quebrada Sonadora",,97.285,Good,,
2019-06-29 23:15:00," Quebrada Sonadora",,97.293,Good,,
2019-06-29 23:30:00," Quebrada Sonadora",,97.285,Good,,
2019-06-29 23:45:00," Quebrada Sonadora",,97.273,Good,,
2019-06-30 00:00:00," Quebrada Sonadora",,97.254,Good,,
2019-06-30 00:15:00," Quebrada Sonadora",,97.232,Good,,
2019-06-30 00:30:00," Quebrada Sonadora",,97.196,Good,,
2019-06-30 00:45:00," Quebrada Sonadora",,97.213,Good,,
2019-06-30 01:00:00," Quebrada Sonadora",,97.194,Good,,
2019-06-30 01:15:00," Quebrada Sonadora",,97.153,Good,,
2019-06-30 01:30:00," Quebrada Sonadora",,97.15,Good,,
2019-06-30 01:45:00," Quebrada Sonadora",,97.129,Good,,
2019-06-30 02:00:00," Quebrada Sonadora",,97.138,Good,,
2019-06-30 02:15:00," Quebrada Sonadora",,97.117,Good,,
2019-06-30 02:30:00," Quebrada Sonadora",,97.097,Good,,
2019-06-30 02:45:00," Quebrada Sonadora",,97.095,Good,,
2019-06-30 03:00:00," Quebrada Sonadora",,97.075,Good,,
2019-06-30 03:15:00," Quebrada Sonadora",,97.095,Good,,
2019-06-30 03:30:00," Quebrada Sonadora",,97.087,Good,,
2019-06-30 03:45:00," Quebrada Sonadora",,97.078,Good,,
2019-06-30 04:00:00," Quebrada Sonadora",,97.07,Good,,
2019-06-30 04:15:00," Quebrada Sonadora",,97.07,Good,,
2019-06-30 04:30:00," Quebrada Sonadora",,97.099,Good,,
2019-06-30 04:45:00," Quebrada Sonadora",,97.09,Good,,
2019-06-30 05:00:00," Quebrada Sonadora",,97.09,Good,,
2019-06-30 05:15:00," Quebrada Sonadora",,97.097,Good,,
2019-06-30 05:30:00," Quebrada Sonadora",,97.095,Good,,
2019-06-30 05:45:00," Quebrada Sonadora",,97.105,Good,,
2019-06-30 06:00:00," Quebrada Sonadora",,97.155,Good,,
2019-06-30 06:15:00," Quebrada Sonadora",,97.179,Good,,
2019-06-30 06:30:00," Quebrada Sonadora",,97.184,Good,,
2019-06-30 06:45:00," Quebrada Sonadora",,97.186,Good,,
2019-06-30 07:00:00," Quebrada Sonadora",,97.21,Good,,
2019-06-30 07:15:00," Quebrada Sonadora",,97.222,Good,,
2019-06-30 07:30:00," Quebrada Sonadora",,97.217,Good,,
2019-06-30 07:45:00," Quebrada Sonadora",,97.247,Good,,
2019-06-30 08:00:00," Quebrada Sonadora",,97.261,Good,,
2019-06-30 08:15:00," Quebrada Sonadora",,97.266,Good,,
2019-06-30 08:30:00," Quebrada Sonadora",,97.261,Good,,
2019-06-30 08:45:00," Quebrada Sonadora",,97.275,Good,,
2019-06-30 09:00:00," Quebrada Sonadora",,97.302,Good,,
2019-06-30 09:15:00," Quebrada Sonadora",,97.297,Good,,
2019-06-30 09:30:00," Quebrada Sonadora",,97.292,Good,,
2019-06-30 09:45:00," Quebrada Sonadora",,97.302,Good,,
2019-06-30 10:00:00," Quebrada Sonadora",,97.292,Good,,
2019-06-30 10:15:00," Quebrada Sonadora",,97.302,Good,,
2019-06-30 10:30:00," Quebrada Sonadora",,97.295,Good,,
2019-06-30 10:45:00," Quebrada Sonadora",,97.286,Good,,
2019-06-30 11:00:00," Quebrada Sonadora",,97.295,Good,,
2019-06-30 11:15:00," Quebrada Sonadora",,97.283,Good,,
2019-06-30 11:30:00," Quebrada Sonadora",,97.279,Good,,
2019-06-30 11:45:00," Quebrada Sonadora",,97.262,Good,,
2019-06-30 12:00:00," Quebrada Sonadora",,97.267,Good,,
2019-06-30 12:15:00," Quebrada Sonadora",,97.257,Good,,
2019-06-30 12:30:00," Quebrada Sonadora",,97.237,Good,,
2019-06-30 12:45:00," Quebrada Sonadora",,97.23,Good,,
2019-06-30 13:00:00," Quebrada Sonadora",,97.217,Good,,
2019-06-30 13:15:00," Quebrada Sonadora",,97.221,Good,,
2019-06-30 13:30:00," Quebrada Sonadora",,97.226,Good,,
2019-06-30 13:45:00," Quebrada Sonadora",,97.181,Good,,
2019-06-30 14:00:00," Quebrada Sonadora",,97.175,Good,,
2019-06-30 14:15:00," Quebrada Sonadora",,97.158,Good,,
2019-06-30 14:30:00," Quebrada Sonadora",,97.16,Good,,
2019-06-30 14:45:00," Quebrada Sonadora",,97.122,Good,,
2019-06-30 15:00:00," Quebrada Sonadora",,97.104,Good,,
2019-06-30 15:15:00," Quebrada Sonadora",,97.11,Good,,
2019-06-30 15:30:00," Quebrada Sonadora",,97.109,Good,,
2019-06-30 15:45:00," Quebrada Sonadora",,97.084,Good,,
2019-06-30 16:00:00," Quebrada Sonadora",,97.077,Good,,
2019-06-30 16:15:00," Quebrada Sonadora",,97.068,Good,,
2019-06-30 16:30:00," Quebrada Sonadora",,97.07,Good,,
2019-06-30 16:45:00," Quebrada Sonadora",,97.049,Good,,
2019-06-30 17:00:00," Quebrada Sonadora",,97.043,Good,,
2019-06-30 17:15:00," Quebrada Sonadora",,97.029,Good,,
2019-06-30 17:30:00," Quebrada Sonadora",,97.025,Good,,
2019-06-30 17:45:00," Quebrada Sonadora",,97.032,Good,,
2019-06-30 18:00:00," Quebrada Sonadora",,97.041,Good,,
2019-06-30 18:15:00," Quebrada Sonadora",,97.05,Good,,
2019-06-30 18:30:00," Quebrada Sonadora",,97.047,Good,,
2019-06-30 18:45:00," Quebrada Sonadora",,97.076,Good,,
2019-06-30 19:00:00," Quebrada Sonadora",,97.081,Good,,
2019-06-30 19:15:00," Quebrada Sonadora",,97.084,Good,,
2019-06-30 19:30:00," Quebrada Sonadora",,97.106,Good,,
2019-06-30 19:45:00," Quebrada Sonadora",,97.101,Good,,
2019-06-30 20:00:00," Quebrada Sonadora",,97.123,Good,,
2019-06-30 20:15:00," Quebrada Sonadora",,97.138,Good,,
2019-06-30 20:30:00," Quebrada Sonadora",,97.164,Good,,
2019-06-30 20:45:00," Quebrada Sonadora",,97.179,Good,,
2019-06-30 21:00:00," Quebrada Sonadora",,97.198,Good,,
2019-06-30 21:15:00," Quebrada Sonadora",,97.198,Good,,
2019-06-30 21:30:00," Quebrada Sonadora",,97.22,Good,,
2019-06-30 21:45:00," Quebrada Sonadora",,97.242,Good,,
2019-06-30 22:00:00," Quebrada Sonadora",,97.271,Good,,
2019-06-30 22:15:00," Quebrada Sonadora",,97.261,Good,,
2019-06-30 22:30:00," Quebrada Sonadora",,97.259,Good,,
2019-06-30 22:45:00," Quebrada Sonadora",,97.271,Good,,
2019-06-30 23:00:00," Quebrada Sonadora",,97.269,Good,,
2019-06-30 23:15:00," Quebrada Sonadora",,97.269,Good,,
2019-06-30 23:30:00," Quebrada Sonadora",,97.244,Good,,
2019-06-30 23:45:00," Quebrada Sonadora",,97.23,Good,,
2019-07-01 00:00:00," Quebrada Sonadora",,97.216,Good,,
2019-07-01 00:15:00," Quebrada Sonadora",,97.206,Good,,
2019-07-01 00:30:00," Quebrada Sonadora",,97.196,Good,,
2019-07-01 00:45:00," Quebrada Sonadora",,97.172,Good,,
2019-07-01 01:00:00," Quebrada Sonadora",,97.151,Good,,
2019-07-01 01:15:00," Quebrada Sonadora",,97.17,Good,,
2019-07-01 01:30:00," Quebrada Sonadora",,97.131,Good,,
2019-07-01 01:45:00," Quebrada Sonadora",,97.143,Good,,
2019-07-01 02:00:00," Quebrada Sonadora",,97.112,Good,,
2019-07-01 02:15:00," Quebrada Sonadora",,97.107,Good,,
2019-07-01 02:30:00," Quebrada Sonadora",,97.103,Good,,
2019-07-01 02:45:00," Quebrada Sonadora",,97.088,Good,,
2019-07-01 03:00:00," Quebrada Sonadora",,97.098,Good,,
2019-07-01 03:15:00," Quebrada Sonadora",,97.096,Good,,
2019-07-01 03:30:00," Quebrada Sonadora",,97.094,Good,,
2019-07-01 03:45:00," Quebrada Sonadora",,97.086,Good,,
2019-07-01 04:00:00," Quebrada Sonadora",,97.096,Good,,
2019-07-01 04:15:00," Quebrada Sonadora",,97.096,Good,,
2019-07-01 04:30:00," Quebrada Sonadora",,97.094,Good,,
2019-07-01 04:45:00," Quebrada Sonadora",,97.072,Good,,
2019-07-01 05:00:00," Quebrada Sonadora",,97.07,Good,,
2019-07-01 05:15:00," Quebrada Sonadora",,97.079,Good,,
2019-07-01 05:30:00," Quebrada Sonadora",,97.079,Good,,
2019-07-01 05:45:00," Quebrada Sonadora",,97.116,Good,,
2019-07-01 06:00:00," Quebrada Sonadora",,97.125,Good,,
2019-07-01 06:15:00," Quebrada Sonadora",,97.135,Good,,
2019-07-01 06:30:00," Quebrada Sonadora",,97.147,Good,,
2019-07-01 06:45:00," Quebrada Sonadora",,97.13,Good,,
2019-07-01 07:00:00," Quebrada Sonadora",,97.142,Good,,
2019-07-01 07:15:00," Quebrada Sonadora",,97.171,Good,,
2019-07-01 07:30:00," Quebrada Sonadora",,97.2,Good,,
2019-07-01 07:45:00," Quebrada Sonadora",,97.187,Good,,
2019-07-01 08:00:00," Quebrada Sonadora",,97.213,Good,,
2019-07-01 08:15:00," Quebrada Sonadora",,97.208,Good,,
2019-07-01 08:30:00," Quebrada Sonadora",,97.208,Good,,
2019-07-01 08:45:00," Quebrada Sonadora",,97.208,Good,,
2019-07-01 09:00:00," Quebrada Sonadora",,97.222,Good,,
2019-07-01 09:15:00," Quebrada Sonadora",,97.241,Good,,
2019-07-01 09:30:00," Quebrada Sonadora",,97.219,Good,,
2019-07-01 09:45:00," Quebrada Sonadora",,97.224,Good,,
2019-07-01 10:00:00," Quebrada Sonadora",,97.232,Good,,
2019-07-01 10:15:00," Quebrada Sonadora",,97.237,Good,,
2019-07-01 10:30:00," Quebrada Sonadora",,97.244,Good,,
2019-07-01 10:45:00," Quebrada Sonadora",,97.232,Good,,
2019-07-01 11:00:00," Quebrada Sonadora",,97.249,Good,,
2019-07-01 11:15:00," Quebrada Sonadora",,97.23,Good,,
2019-07-01 11:30:00," Quebrada Sonadora",,97.24,Good,,
2019-07-01 11:45:00," Quebrada Sonadora",,97.243,Good,,
2019-07-01 12:00:00," Quebrada Sonadora",,97.216,Good,,
2019-07-01 12:15:00," Quebrada Sonadora",,97.229,Good,,
2019-07-01 12:30:00," Quebrada Sonadora",,97.224,Good,,
2019-07-01 12:45:00," Quebrada Sonadora",,97.203,Good,,
2019-07-01 13:00:00," Quebrada Sonadora",,97.204,Good,,
2019-07-01 13:15:00," Quebrada Sonadora",,97.195,Good,,
2019-07-01 13:30:00," Quebrada Sonadora",,97.168,Good,,
2019-07-01 13:45:00," Quebrada Sonadora",,97.153,Good,,
2019-07-01 14:00:00," Quebrada Sonadora",,97.129,Good,,
2019-07-01 14:15:00," Quebrada Sonadora",,97.118,Good,,
2019-07-01 14:30:00," Quebrada Sonadora",,97.115,Good,,
2019-07-01 14:45:00," Quebrada Sonadora",,97.11,Good,,
2019-07-01 15:00:00," Quebrada Sonadora",,97.078,Good,,
2019-07-01 15:15:00," Quebrada Sonadora",,97.068,Good,,
2019-07-01 15:30:00," Quebrada Sonadora",,97.06,Good,,
2019-07-01 15:45:00," Quebrada Sonadora",,97.071,Good,,
2019-07-01 16:00:00," Quebrada Sonadora",,97.051,Good,,
2019-07-01 16:15:00," Quebrada Sonadora",,97.054,Good,,
2019-07-01 16:30:00," Quebrada Sonadora",,97.053,Good,,
2019-07-01 16:45:00," Quebrada Sonadora",,97.064,Good,,
2019-07-01 17:00:00," Quebrada Sonadora",,97.017,Good,,
2019-07-01 17:15:00," Quebrada Sonadora",,97.024,Good,,
2019-07-01 17:30:00," Quebrada Sonadora",,97.018,Good,,
2019-07-01 17:45:00," Quebrada Sonadora",,97.022,Good,,
2019-07-01 18:00:00," Quebrada Sonadora",,97.043,Good,,
2019-07-01 18:15:00," Quebrada Sonadora",,97.062,Good,,
2019-07-01 18:30:00," Quebrada Sonadora",,97.081,Good,,
2019-07-01 18:45:00," Quebrada Sonadora",,97.096,Good,,
2019-07-01 19:00:00," Quebrada Sonadora",,97.055,Good,,
2019-07-01 19:15:00," Quebrada Sonadora",,97.06,Good,,
2019-07-01 19:30:00," Quebrada Sonadora",,97.062,Good,,
2019-07-01 19:45:00," Quebrada Sonadora",,97.086,Good,,
2019-07-01 20:00:00," Quebrada Sonadora",,97.089,Good,,
2019-07-01 20:15:00," Quebrada Sonadora",,97.084,Good,,
2019-07-01 20:30:00," Quebrada Sonadora",,97.094,Good,,
2019-07-01 20:45:00," Quebrada Sonadora",,97.099,Good,,
2019-07-01 21:00:00," Quebrada Sonadora",,97.116,Good,,
2019-07-01 21:15:00," Quebrada Sonadora",,97.117,Good,,
2019-07-01 21:30:00," Quebrada Sonadora",,97.155,Good,,
2019-07-01 21:45:00," Quebrada Sonadora",,97.163,Good,,
2019-07-01 22:00:00," Quebrada Sonadora",,97.172,Good,,
2019-07-01 22:15:00," Quebrada Sonadora",,97.18,Good,,
2019-07-01 22:30:00," Quebrada Sonadora",,97.163,Good,,
2019-07-01 22:45:00," Quebrada Sonadora",,97.153,Good,,
2019-07-01 23:00:00," Quebrada Sonadora",,97.19,Good,,
2019-07-01 23:15:00," Quebrada Sonadora",,97.207,Good,,
2019-07-01 23:30:00," Quebrada Sonadora",,97.219,Good,,
2019-07-01 23:45:00," Quebrada Sonadora",,97.192,Good,,
2019-07-02 00:00:00," Quebrada Sonadora",,97.165,Good,,
2019-07-02 00:15:00," Quebrada Sonadora",,97.144,Good,,
2019-07-02 00:30:00," Quebrada Sonadora",,97.124,Good,,
2019-07-02 00:45:00," Quebrada Sonadora",,97.103,Good,,
2019-07-02 01:00:00," Quebrada Sonadora",,97.074,Good,,