Date and Time,sampling feature/location,citation," discharge -unit-cfs-processing level-L0",quality code,quality annotation,
2019-06-17 01:00:00," Quebrada Sonadora",,11.1269924239198,Good,,
2019-06-17 01:15:00," Quebrada Sonadora",,11.1269924239198,Good,,
2019-06-17 01:30:00," Quebrada Sonadora",,11.1269924239198,Good,,
2019-06-17 01:45:00," Quebrada Sonadora",,10.9594504509976,Good,,
2019-06-17 02:00:00," Quebrada Sonadora",,11.1269924239198,Good,,
2019-06-17 02:15:00," Quebrada Sonadora",,11.0206229271629,Good,,
2019-06-17 02:30:00," Quebrada Sonadora",,11.0708964879612,Good,,
2019-06-17 02:45:00," Quebrada Sonadora",,11.0708964879612,Good,,
2019-06-17 03:00:00," Quebrada Sonadora",,11.1213716124626,Good,,
2019-06-17 03:15:00," Quebrada Sonadora",,11.1720488091543,Good,,
2019-06-17 03:30:00," Quebrada Sonadora",,11.2967802726972,Good,,
2019-06-17 03:45:00," Quebrada Sonadora",,11.3024787665598,Good,,
2019-06-17 04:00:00," Quebrada Sonadora",,11.3538785625604,Good,,
2019-06-17 04:15:00," Quebrada Sonadora",,11.3024787665598,Good,,
2019-06-17 04:30:00," Quebrada Sonadora",,11.3596022583922,Good,,
2019-06-17 04:45:00," Quebrada Sonadora",,11.3424387402188,Good,,
2019-06-17 05:00:00," Quebrada Sonadora",,11.4169781541208,Good,,
2019-06-17 05:15:00," Quebrada Sonadora",,11.4342402460507,Good,,
2019-06-17 05:30:00," Quebrada Sonadora",,11.3653284782629,Good,,
2019-06-17 05:45:00," Quebrada Sonadora",,11.4169781541208,Good,,
2019-06-17 06:00:00," Quebrada Sonadora",,11.4630610710369,Good,,
2019-06-17 06:15:00," Quebrada Sonadora",,11.3997388414242,Good,,
2019-06-17 06:30:00," Quebrada Sonadora",,11.5150984216273,Good,,
2019-06-17 06:45:00," Quebrada Sonadora",,11.4169781541208,Good,,
2019-06-17 07:00:00," Quebrada Sonadora",,11.3653284782628,Good,,
2019-06-17 07:15:00," Quebrada Sonadora",,11.3653284782628,Good,,
2019-06-17 07:30:00," Quebrada Sonadora",,11.3538785625604,Good,,
2019-06-17 07:45:00," Quebrada Sonadora",,11.4399993420071,Good,,
2019-06-17 08:00:00," Quebrada Sonadora",,11.3310090056495,Good,,
2019-06-17 08:15:00," Quebrada Sonadora",,11.3424387402188,Good,,
2019-06-17 08:30:00," Quebrada Sonadora",,11.4169781541208,Good,,
2019-06-17 08:45:00," Quebrada Sonadora",,11.2967802726972,Good,,
2019-06-17 09:00:00," Quebrada Sonadora",,11.3424387402189,Good,,
2019-06-17 09:15:00," Quebrada Sonadora",,11.445760971785,Good,,
2019-06-17 09:30:00," Quebrada Sonadora",,11.5266902313721,Good,,
2019-06-17 09:45:00," Quebrada Sonadora",,11.4746071524596,Good,,
2019-06-17 10:00:00," Quebrada Sonadora",,11.6081181753855,Good,,
2019-06-17 10:15:00," Quebrada Sonadora",,11.5731592986143,Good,,
2019-06-17 10:30:00," Quebrada Sonadora",,11.6022853147543,Good,,
2019-06-17 10:45:00," Quebrada Sonadora",,11.5208930546954,Good,,
2019-06-17 11:00:00," Quebrada Sonadora",,11.6022853147543,Good,,
2019-06-17 11:15:00," Quebrada Sonadora",,11.7902071595022,Good,,
2019-06-17 11:30:00," Quebrada Sonadora",,11.8020396139152,Good,,
2019-06-17 11:45:00," Quebrada Sonadora",,11.7724777946233,Good,,
2019-06-17 12:00:00," Quebrada Sonadora",,11.8138823771274,Good,,
2019-06-17 12:15:00," Quebrada Sonadora",,11.6665873726444,Good,,
2019-06-17 12:30:00," Quebrada Sonadora",,11.7135470958726,Good,,
2019-06-17 12:45:00," Quebrada Sonadora",,11.5557142933608,Good,,
2019-06-17 13:00:00," Quebrada Sonadora",,11.5964550075236,Good,,
2019-06-17 13:15:00," Quebrada Sonadora",,11.7076681543804,Good,,
2019-06-17 13:30:00," Quebrada Sonadora",,11.567341747893,Good,,
2019-06-17 13:45:00," Quebrada Sonadora",,11.4803839998444,Good,,
2019-06-17 14:00:00," Quebrada Sonadora",,11.5382922183487,Good,,
2019-06-17 14:15:00," Quebrada Sonadora",,11.5324899523569,Good,,
2019-06-17 14:30:00," Quebrada Sonadora",,11.4054827491284,Good,,
2019-06-17 14:45:00," Quebrada Sonadora",,11.3310090056495,Good,,
2019-06-17 15:00:00," Quebrada Sonadora",,11.3538785625604,Good,,
2019-06-17 15:15:00," Quebrada Sonadora",,11.27969988645,Good,,
2019-06-17 15:30:00," Quebrada Sonadora",,11.1045241436103,Good,,
2019-06-17 15:45:00," Quebrada Sonadora",,11.065300592297,Good,,
2019-06-17 16:00:00," Quebrada Sonadora",,10.9206784634931,Good,,
2019-06-17 16:15:00," Quebrada Sonadora",,10.97610412059,Good,,
2019-06-17 16:30:00," Quebrada Sonadora",,10.9816602960345,Good,,
2019-06-17 16:45:00," Quebrada Sonadora",,11.0876991083874,Good,,
2019-06-17 17:00:00," Quebrada Sonadora",,10.9539041777235,Good,,
2019-06-17 17:15:00," Quebrada Sonadora",,11.0261989404065,Good,,
2019-06-17 17:30:00," Quebrada Sonadora",,10.9206784634931,Good,,
2019-06-17 17:45:00," Quebrada Sonadora",,10.8270212509858,Good,,
2019-06-17 18:00:00," Quebrada Sonadora",,10.7231859441491,Good,,
2019-06-17 18:15:00," Quebrada Sonadora",,10.7177454152647,Good,,
2019-06-17 18:30:00," Quebrada Sonadora",,10.7722607923862,Good,,
2019-06-17 18:45:00," Quebrada Sonadora",,10.6797301020244,Good,,
2019-06-17 19:00:00," Quebrada Sonadora",,10.690579414739,Good,,
2019-06-17 19:15:00," Quebrada Sonadora",,10.5556628136093,Good,,
2019-06-17 19:30:00," Quebrada Sonadora",,10.5342169730091,Good,,
2019-06-17 19:45:00," Quebrada Sonadora",,10.5986708426969,Good,,
2019-06-17 20:00:00," Quebrada Sonadora",,10.6148389055538,Good,,
2019-06-17 20:15:00," Quebrada Sonadora",,10.5342169730092,Good,,
2019-06-17 20:30:00," Quebrada Sonadora",,10.4967799031528,Good,,
2019-06-17 20:45:00," Quebrada Sonadora",,10.379889926389,Good,,
2019-06-17 21:00:00," Quebrada Sonadora",,10.379889926389,Good,,
2019-06-17 21:15:00," Quebrada Sonadora",,10.2903618565288,Good,,
2019-06-17 21:30:00," Quebrada Sonadora",,10.3429416194272,Good,,
2019-06-17 21:45:00," Quebrada Sonadora",,10.2903618565288,Good,,
2019-06-17 22:00:00," Quebrada Sonadora",,10.3061106771331,Good,,
2019-06-17 22:15:00," Quebrada Sonadora",,10.3218810107776,Good,,
2019-06-17 22:30:00," Quebrada Sonadora",,10.379889926389,Good,,
2019-06-17 22:45:00," Quebrada Sonadora",,10.1807209034692,Good,,
2019-06-17 23:00:00," Quebrada Sonadora",,10.2432442855625,Good,,
2019-06-17 23:15:00," Quebrada Sonadora",,10.0875763510302,Good,,
2019-06-17 23:30:00," Quebrada Sonadora",,10.0361602050135,Good,,
2019-06-17 23:45:00," Quebrada Sonadora",,9.98497948650095,Good,,
2019-06-18 00:00:00," Quebrada Sonadora",,10.1444068575535,Good,,
2019-06-18 00:15:00," Quebrada Sonadora",,10.0310315503575,Good,,
2019-06-18 00:30:00," Quebrada Sonadora",,9.9391175577548,Good,,
2019-06-18 00:45:00," Quebrada Sonadora",,9.99008698386115,Good,,
2019-06-18 01:00:00," Quebrada Sonadora",,9.88332156103445,Good,,
2019-06-18 01:15:00," Quebrada Sonadora",,9.9798743364878,Good,,
2019-06-18 01:30:00," Quebrada Sonadora",,10.0003090233927,Good,,
2019-06-18 01:45:00," Quebrada Sonadora",,9.84796208619343,Good,,
2019-06-18 02:00:00," Quebrada Sonadora",,9.8580531396446,Good,,
2019-06-18 02:15:00," Quebrada Sonadora",,9.80266753406067,Good,,
2019-06-18 02:30:00," Quebrada Sonadora",,9.81271671535325,Good,,
2019-06-18 02:45:00," Quebrada Sonadora",,9.79764642739843,Good,,
2019-06-18 03:00:00," Quebrada Sonadora",,9.74756294198437,Good,,
2019-06-18 03:15:00," Quebrada Sonadora",,9.71264227493947,Good,,
2019-06-18 03:30:00," Quebrada Sonadora",,9.86815351324407,Good,,
2019-06-18 03:45:00," Quebrada Sonadora",,9.76756851961841,Good,,
2019-06-18 04:00:00," Quebrada Sonadora",,9.77257570625579,Good,,
2019-06-18 04:15:00," Quebrada Sonadora",,9.73757404483325,Good,,
2019-06-18 04:30:00," Quebrada Sonadora",,9.71264227493953,Good,,
2019-06-18 04:45:00," Quebrada Sonadora",,9.72260804812879,Good,,
2019-06-18 05:00:00," Quebrada Sonadora",,9.72260804812879,Good,,
2019-06-18 05:15:00," Quebrada Sonadora",,9.62830570571447,Good,,
2019-06-18 05:30:00," Quebrada Sonadora",,9.574089124029,Good,,
2019-06-18 05:45:00," Quebrada Sonadora",,9.574089124029,Good,,
2019-06-18 06:00:00," Quebrada Sonadora",,9.48109460446949,Good,,
2019-06-18 06:15:00," Quebrada Sonadora",,9.5888479382989,Good,,
2019-06-18 06:30:00," Quebrada Sonadora",,9.44704096994195,Good,,
2019-06-18 06:45:00," Quebrada Sonadora",,9.47622297254526,Good,,
2019-06-18 07:00:00," Quebrada Sonadora",,9.45189895133399,Good,,
2019-06-18 07:15:00," Quebrada Sonadora",,9.51525983673179,Good,,
2019-06-18 07:30:00," Quebrada Sonadora",,9.44218526122285,Good,,
2019-06-18 07:45:00," Quebrada Sonadora",,9.43248065904282,Good,,
2019-06-18 08:00:00," Quebrada Sonadora",,9.40825887706092,Good,,
2019-06-18 08:15:00," Quebrada Sonadora",,9.38409377388774,Good,,
2019-06-18 08:30:00," Quebrada Sonadora",,9.43733182448659,Good,,
2019-06-18 08:45:00," Quebrada Sonadora",,9.3985860391644,Good,,
2019-06-18 09:00:00," Quebrada Sonadora",,9.46648653844949,Good,,
2019-06-18 09:15:00," Quebrada Sonadora",,9.38409377388774,Good,,
2019-06-18 09:30:00," Quebrada Sonadora",,9.2879984246826,Good,,
2019-06-18 09:45:00," Quebrada Sonadora",,9.36480244213709,Good,,
2019-06-18 10:00:00," Quebrada Sonadora",,9.2879984246826,Good,,
2019-06-18 10:15:00," Quebrada Sonadora",,9.35517034468154,Good,,
2019-06-18 10:30:00," Quebrada Sonadora",,9.21651781591345,Good,,
2019-06-18 10:45:00," Quebrada Sonadora",,9.32632825977691,Good,,
2019-06-18 11:00:00," Quebrada Sonadora",,9.15969625116065,Good,,
2019-06-18 11:15:00," Quebrada Sonadora",,9.23077355095319,Good,,
2019-06-18 11:30:00," Quebrada Sonadora",,9.32152914363962,Good,,
2019-06-18 11:45:00," Quebrada Sonadora",,9.25457795131655,Good,,
2019-06-18 12:00:00," Quebrada Sonadora",,9.23552994499175,Good,,
2019-06-18 12:15:00," Quebrada Sonadora",,9.24981258383133,Good,,
2019-06-18 12:30:00," Quebrada Sonadora",,9.22601939855326,Good,,
2019-06-18 12:45:00," Quebrada Sonadora",,9.25934556388626,Good,,
2019-06-18 13:00:00," Quebrada Sonadora",,9.28321732712976,Good,,
2019-06-18 13:15:00," Quebrada Sonadora",,9.07038541964556,Good,,
2019-06-18 13:30:00," Quebrada Sonadora",,9.14082719010122,Good,,
2019-06-18 13:45:00," Quebrada Sonadora",,9.15025726077693,Good,,
2019-06-18 14:00:00," Quebrada Sonadora",,9.12669879648729,Good,,
2019-06-18 14:15:00," Quebrada Sonadora",,9.16441909296452,Good,,
2019-06-18 14:30:00," Quebrada Sonadora",,9.17387147324132,Good,,
2019-06-18 14:45:00," Quebrada Sonadora",,9.09381043951288,Good,,
2019-06-18 15:00:00," Quebrada Sonadora",,9.03768353787791,Good,,
2019-06-18 15:15:00," Quebrada Sonadora",,9.15025726077715,Good,,
2019-06-18 15:30:00," Quebrada Sonadora",,9.12669879648729,Good,,
2019-06-18 15:45:00," Quebrada Sonadora",,9.08912099496547,Good,,
2019-06-18 16:00:00," Quebrada Sonadora",,9.01439146678803,Good,,
2019-06-18 16:15:00," Quebrada Sonadora",,9.06103094407001,Good,,
2019-06-18 16:30:00," Quebrada Sonadora",,9.10319599428755,Good,,
2019-06-18 16:45:00," Quebrada Sonadora",,9.15025726077693,Good,,
2019-06-18 17:00:00," Quebrada Sonadora",,9.06103094407001,Good,,
2019-06-18 17:15:00," Quebrada Sonadora",,9.03768353787791,Good,,
2019-06-18 17:30:00," Quebrada Sonadora",,8.98651390270703,Good,,
2019-06-18 17:45:00," Quebrada Sonadora",,9.00044274920015,Good,,
2019-06-18 18:00:00," Quebrada Sonadora",,8.94022768937958,Good,,
2019-06-18 18:15:00," Quebrada Sonadora",,9.00044274920015,Good,,
2019-06-18 18:30:00," Quebrada Sonadora",,9.01439146678797,Good,,
2019-06-18 18:45:00," Quebrada Sonadora",,8.9171670866067,Good,,
2019-06-18 19:00:00," Quebrada Sonadora",,8.97723903536917,Good,,
2019-06-18 19:15:00," Quebrada Sonadora",,8.89875812786198,Good,,
2019-06-18 19:30:00," Quebrada Sonadora",,8.9125615553603,Good,,
2019-06-18 19:45:00," Quebrada Sonadora",,8.96797298586995,Good,,
2019-06-18 20:00:00," Quebrada Sonadora",,8.79358611825739,Good,,
2019-06-18 20:15:00," Quebrada Sonadora",,8.93099685621149,Good,,
2019-06-18 20:30:00," Quebrada Sonadora",,8.89875812786175,Good,,
2019-06-18 20:45:00," Quebrada Sonadora",,8.90335707667549,Good,,
2019-06-18 21:00:00," Quebrada Sonadora",,8.94484640405614,Good,,
2019-06-18 21:15:00," Quebrada Sonadora",,8.84831426244745,Good,,
2019-06-18 21:30:00," Quebrada Sonadora",,8.88956680785481,Good,,
2019-06-18 21:45:00," Quebrada Sonadora",,8.88956680785481,Good,,
2019-06-18 22:00:00," Quebrada Sonadora",,8.88956680785481,Good,,
2019-06-18 22:15:00," Quebrada Sonadora",,8.85746618066196,Good,,
2019-06-18 22:30:00," Quebrada Sonadora",,8.90335707667549,Good,,
2019-06-18 22:45:00," Quebrada Sonadora",,8.84831426244745,Good,,
2019-06-18 23:00:00," Quebrada Sonadora",,8.84831426244745,Good,,
2019-06-18 23:15:00," Quebrada Sonadora",,8.80268567392881,Good,,
2019-06-18 23:30:00," Quebrada Sonadora",,8.74821884779573,Good,,
2019-06-18 23:45:00," Quebrada Sonadora",,8.80268567392864,Good,,
2019-06-19 00:00:00," Quebrada Sonadora",,8.75727491915148,Good,,
2019-06-19 00:15:00," Quebrada Sonadora",,8.76633967638105,Good,,
2019-06-19 00:30:00," Quebrada Sonadora",,8.85288912860688,Good,,
2019-06-19 00:45:00," Quebrada Sonadora",,8.80268567392864,Good,,
2019-06-19 01:00:00," Quebrada Sonadora",,8.6805746203749,Good,,
2019-06-19 01:15:00," Quebrada Sonadora",,8.76633967638105,Good,,
2019-06-19 01:30:00," Quebrada Sonadora",,8.67608230921599,Good,,
2019-06-19 01:45:00," Quebrada Sonadora",,8.71659091999203,Good,,
2019-06-19 02:00:00," Quebrada Sonadora",,8.80268567392864,Good,,
2019-06-19 02:15:00," Quebrada Sonadora",,8.71208131123831,Good,,
2019-06-19 02:30:00," Quebrada Sonadora",,8.70306858685046,Good,,
2019-06-19 02:45:00," Quebrada Sonadora",,8.75727491915148,Good,,
2019-06-19 03:00:00," Quebrada Sonadora",,8.64469654776366,Good,,
2019-06-19 03:15:00," Quebrada Sonadora",,8.68956572276988,Good,,
2019-06-19 03:30:00," Quebrada Sonadora",,8.69856546984312,Good,,
2019-06-19 03:45:00," Quebrada Sonadora",,8.74369406760366,Good,,
2019-06-19 04:00:00," Quebrada Sonadora",,8.74369406760366,Good,,
2019-06-19 04:15:00," Quebrada Sonadora",,8.69856546984312,Good,,
2019-06-19 04:30:00," Quebrada Sonadora",,8.66710416354306,Good,,
2019-06-19 04:45:00," Quebrada Sonadora",,8.66710416354306,Good,,
2019-06-19 05:00:00," Quebrada Sonadora",,8.72110269403413,Good,,
2019-06-19 05:15:00," Quebrada Sonadora",,8.67608230921599,Good,,
2019-06-19 05:30:00," Quebrada Sonadora",,8.72110269403413,Good,,
2019-06-19 05:45:00," Quebrada Sonadora",,8.72110269403413,Good,,
2019-06-19 06:00:00," Quebrada Sonadora",,8.72110269403413,Good,,
2019-06-19 06:15:00," Quebrada Sonadora",,8.6805746203749,Good,,
2019-06-19 06:30:00," Quebrada Sonadora",,8.6223427896515,Good,,
2019-06-19 06:45:00," Quebrada Sonadora",,8.68956572276977,Good,,
2019-06-19 07:00:00," Quebrada Sonadora",,8.68506909133089,Good,,
2019-06-19 07:15:00," Quebrada Sonadora",,8.73465101475762,Good,,
2019-06-19 07:30:00," Quebrada Sonadora",,8.71208131123831,Good,,
2019-06-19 07:45:00," Quebrada Sonadora",,8.6357485864018,Good,,
2019-06-19 08:00:00," Quebrada Sonadora",,8.66261832765673,Good,,
2019-06-19 08:15:00," Quebrada Sonadora",,8.6312778354656,Good,,
2019-06-19 08:30:00," Quebrada Sonadora",,8.64917375956145,Good,,
2019-06-19 08:45:00," Quebrada Sonadora",,8.68506909133089,Good,,
2019-06-19 09:00:00," Quebrada Sonadora",,8.57335367816148,Good,,
2019-06-19 09:15:00," Quebrada Sonadora",,8.57335367816148,Good,,
2019-06-19 09:30:00," Quebrada Sonadora",,8.57779650338057,Good,,
2019-06-19 09:45:00," Quebrada Sonadora",,8.69856546984329,Good,,
2019-06-19 10:00:00," Quebrada Sonadora",,8.60004280344072,Good,,
2019-06-19 10:15:00," Quebrada Sonadora",,8.51137886280821,Good,,
2019-06-19 10:30:00," Quebrada Sonadora",,8.6223427896515,Good,,
2019-06-19 10:45:00," Quebrada Sonadora",,8.59558925128056,Good,,
2019-06-19 11:00:00," Quebrada Sonadora",,8.58668858655403,Good,,
2019-06-19 11:15:00," Quebrada Sonadora",,8.69856546984329,Good,,
2019-06-19 11:30:00," Quebrada Sonadora",,8.54674171278918,Good,,
2019-06-19 11:45:00," Quebrada Sonadora",,8.57779650338057,Good,,
2019-06-19 12:00:00," Quebrada Sonadora",,8.6581346488216,Good,,
2019-06-19 12:15:00," Quebrada Sonadora",,8.57779650338057,Good,,
2019-06-19 12:30:00," Quebrada Sonadora",,8.56003805974518,Good,,
2019-06-19 12:45:00," Quebrada Sonadora",,8.45859052597348,Good,,
2019-06-19 13:00:00," Quebrada Sonadora",,8.47175886957592,Good,,
2019-06-19 13:15:00," Quebrada Sonadora",,8.4849463612465,Good,,
2019-06-19 13:30:00," Quebrada Sonadora",,8.35826738614753,Good,,
2019-06-19 13:45:00," Quebrada Sonadora",,8.47615257165592,Good,,
2019-06-19 14:00:00," Quebrada Sonadora",,8.50696811555071,Good,,
2019-06-19 14:15:00," Quebrada Sonadora",,8.36694671276774,Good,,
2019-06-19 14:30:00," Quebrada Sonadora",,8.40174851895284,Good,,
2019-06-19 14:45:00," Quebrada Sonadora",,8.42356841511423,Good,,
2019-06-19 15:00:00," Quebrada Sonadora",,8.46297784742001,Good,,
2019-06-19 15:15:00," Quebrada Sonadora",,8.41920019856911,Good,,
2019-06-19 15:30:00," Quebrada Sonadora",,8.50696811555076,Good,,
2019-06-19 15:45:00," Quebrada Sonadora",,8.38868198595515,Good,,
2019-06-19 16:00:00," Quebrada Sonadora",,8.29774808551861,Good,,
2019-06-19 16:15:00," Quebrada Sonadora",,8.26764291511887,Good,,
2019-06-19 16:30:00," Quebrada Sonadora",,8.28053254503664,Good,,
2019-06-19 16:45:00," Quebrada Sonadora",,8.40174851895284,Good,,
2019-06-19 17:00:00," Quebrada Sonadora",,8.48054840198438,Good,,
2019-06-19 17:15:00," Quebrada Sonadora",,8.56003805974524,Good,,
2019-06-19 17:30:00," Quebrada Sonadora",,8.53788817870901,Good,,
2019-06-19 17:45:00," Quebrada Sonadora",,8.43231120896894,Good,,
2019-06-19 18:00:00," Quebrada Sonadora",,8.47175886957592,Good,,
2019-06-19 18:15:00," Quebrada Sonadora",,8.3582673861477,Good,,
2019-06-19 18:30:00," Quebrada Sonadora",,8.42793875168587,Good,,
2019-06-19 18:45:00," Quebrada Sonadora",,8.36694671276774,Good,,
2019-06-19 19:00:00," Quebrada Sonadora",,8.34526421765838,Good,,
2019-06-19 19:15:00," Quebrada Sonadora",,8.31499722872815,Good,,
2019-06-19 19:30:00," Quebrada Sonadora",,8.36694671276774,Good,,
2019-06-19 19:45:00," Quebrada Sonadora",,8.43231120896883,Good,,
2019-06-19 20:00:00," Quebrada Sonadora",,8.46297784742001,Good,,
2019-06-19 20:15:00," Quebrada Sonadora",,8.46297784742001,Good,,
2019-06-19 20:30:00," Quebrada Sonadora",,8.37998153783275,Good,,
2019-06-19 20:45:00," Quebrada Sonadora",,8.34959649854227,Good,,
2019-06-19 21:00:00," Quebrada Sonadora",,8.38433070496285,Good,,
2019-06-19 21:15:00," Quebrada Sonadora",,8.37998153783275,Good,,
2019-06-19 21:30:00," Quebrada Sonadora",,8.38433070496285,Good,,
2019-06-19 21:45:00," Quebrada Sonadora",,8.3712895424199,Good,,
2019-06-19 22:00:00," Quebrada Sonadora",,8.44982225891772,Good,,
2019-06-19 22:15:00," Quebrada Sonadora",,8.35393088781046,Good,,
2019-06-19 22:30:00," Quebrada Sonadora",,8.34959649854227,Good,,
2019-06-19 22:45:00," Quebrada Sonadora",,8.27623390520978,Good,,
2019-06-19 23:00:00," Quebrada Sonadora",,8.2034772724864,Good,,
2019-06-19 23:15:00," Quebrada Sonadora",,8.28913611767405,Good,,
2019-06-19 23:30:00," Quebrada Sonadora",,8.23336271524482,Good,,
2019-06-19 23:45:00," Quebrada Sonadora",,8.15248265870144,Good,,
2019-06-20 00:00:00," Quebrada Sonadora",,8.13978078200563,Good,,
2019-06-20 00:15:00," Quebrada Sonadora",,8.27193736213195,Good,,
2019-06-20 00:30:00," Quebrada Sonadora",,8.31499722872815,Good,,
2019-06-20 00:45:00," Quebrada Sonadora",,8.3236344150435,Good,,
2019-06-20 01:00:00," Quebrada Sonadora",,8.28053254503664,Good,,
2019-06-20 01:15:00," Quebrada Sonadora",,8.22481357803463,Good,,
2019-06-20 01:30:00," Quebrada Sonadora",,8.19495735089606,Good,,
2019-06-20 01:45:00," Quebrada Sonadora",,8.2034772724864,Good,,
2019-06-20 02:00:00," Quebrada Sonadora",,8.13132323967363,Good,,
2019-06-20 02:15:00," Quebrada Sonadora",,8.22481357803468,Good,,
2019-06-20 02:30:00," Quebrada Sonadora",,8.19070051607162,Good,,
2019-06-20 02:45:00," Quebrada Sonadora",,8.14824662379834,Good,,
2019-06-20 03:00:00," Quebrada Sonadora",,8.09336685840793,Good,,
2019-06-20 03:15:00," Quebrada Sonadora",,8.17794250727616,Good,,
2019-06-20 03:30:00," Quebrada Sonadora",,8.21200553455799,Good,,
2019-06-20 03:45:00," Quebrada Sonadora",,8.11443303152049,Good,,
2019-06-20 04:00:00," Quebrada Sonadora",,8.19070051607162,Good,,
2019-06-20 04:15:00," Quebrada Sonadora",,8.16096095993811,Good,,
2019-06-20 04:30:00," Quebrada Sonadora",,8.17369400062461,Good,,
2019-06-20 04:45:00," Quebrada Sonadora",,8.2034772724864,Good,,
2019-06-20 05:00:00," Quebrada Sonadora",,8.24620209707797,Good,,
2019-06-20 05:15:00," Quebrada Sonadora",,8.17369400062444,Good,,
2019-06-20 05:30:00," Quebrada Sonadora",,8.13132323967369,Good,,
2019-06-20 05:45:00," Quebrada Sonadora",,8.08915982856274,Good,,
2019-06-20 06:00:00," Quebrada Sonadora",,8.08915982856274,Good,,
2019-06-20 06:15:00," Quebrada Sonadora",,8.15248265870144,Good,,
2019-06-20 06:30:00," Quebrada Sonadora",,8.12287399133436,Good,,
2019-06-20 06:45:00," Quebrada Sonadora",,8.13132323967363,Good,,
2019-06-20 07:00:00," Quebrada Sonadora",,8.16520322763921,Good,,
2019-06-20 07:15:00," Quebrada Sonadora",,8.07235236899839,Good,,
2019-06-20 07:30:00," Quebrada Sonadora",,8.16096095993811,Good,,
2019-06-20 07:45:00," Quebrada Sonadora",,8.22481357803468,Good,,
2019-06-20 08:00:00," Quebrada Sonadora",,8.2034772724864,Good,,
2019-06-20 08:15:00," Quebrada Sonadora",,8.0975759556012,Good,,
2019-06-20 08:30:00," Quebrada Sonadora",,8.13978078200563,Good,,
2019-06-20 08:45:00," Quebrada Sonadora",,8.16520322763915,Good,,
2019-06-20 09:00:00," Quebrada Sonadora",,8.17369400062461,Good,,
2019-06-20 09:15:00," Quebrada Sonadora",,8.07235236899845,Good,,
2019-06-20 09:30:00," Quebrada Sonadora",,8.08495486538237,Good,,
2019-06-20 09:45:00," Quebrada Sonadora",,8.08075196818379,Good,,
2019-06-20 10:00:00," Quebrada Sonadora",,7.98050045396474,Good,,
2019-06-20 10:15:00," Quebrada Sonadora",,8.08075196818356,Good,,
2019-06-20 10:30:00," Quebrada Sonadora",,8.09336685840788,Good,,
2019-06-20 10:45:00," Quebrada Sonadora",,8.01378602909682,Good,,
2019-06-20 11:00:00," Quebrada Sonadora",,8.06815566564552,Good,,
2019-06-20 11:15:00," Quebrada Sonadora",,8.11443303152049,Good,,
2019-06-20 11:30:00," Quebrada Sonadora",,8.09336685840799,Good,,
2019-06-20 11:45:00," Quebrada Sonadora",,8.14824662379834,Good,,
2019-06-20 12:00:00," Quebrada Sonadora",,8.13555097374882,Good,,
2019-06-20 12:15:00," Quebrada Sonadora",,8.14401266512778,Good,,
2019-06-20 12:30:00," Quebrada Sonadora",,8.23764041836938,Good,,
2019-06-20 12:45:00," Quebrada Sonadora",,8.23764041836944,Good,,
2019-06-20 13:00:00," Quebrada Sonadora",,8.27623390520978,Good,,
2019-06-20 13:15:00," Quebrada Sonadora",,8.24620209707797,Good,,
2019-06-20 13:30:00," Quebrada Sonadora",,8.19495735089606,Good,,
2019-06-20 13:45:00," Quebrada Sonadora",,8.19070051607162,Good,,
2019-06-20 14:00:00," Quebrada Sonadora",,8.28913611767416,Good,,
2019-06-20 14:15:00," Quebrada Sonadora",,8.25906030655011,Good,,
2019-06-20 14:30:00," Quebrada Sonadora",,8.28483328229657,Good,,
2019-06-20 14:45:00," Quebrada Sonadora",,8.34959649854227,Good,,
2019-06-20 15:00:00," Quebrada Sonadora",,8.26335056348631,Good,,
2019-06-20 15:15:00," Quebrada Sonadora",,8.3236344150435,Good,,
2019-06-20 15:30:00," Quebrada Sonadora",,8.42793875168576,Good,,
2019-06-20 15:45:00," Quebrada Sonadora",,8.33228001846686,Good,,
2019-06-20 16:00:00," Quebrada Sonadora",,8.30205721935437,Good,,
2019-06-20 16:15:00," Quebrada Sonadora",,8.42356841511423,Good,,
2019-06-20 16:30:00," Quebrada Sonadora",,8.46297784742001,Good,,
2019-06-20 16:45:00," Quebrada Sonadora",,8.55117168831066,Good,,
2019-06-20 17:00:00," Quebrada Sonadora",,8.58668858655403,Good,,
2019-06-20 17:15:00," Quebrada Sonadora",,8.66710416354312,Good,,
2019-06-20 17:30:00," Quebrada Sonadora",,8.69856546984329,Good,,
2019-06-20 17:45:00," Quebrada Sonadora",,8.57779650338057,Good,,
2019-06-20 18:00:00," Quebrada Sonadora",,8.63574858640197,Good,,
2019-06-20 18:15:00," Quebrada Sonadora",,8.66710416354312,Good,,
2019-06-20 18:30:00," Quebrada Sonadora",,8.59113784588033,Good,,
2019-06-20 18:45:00," Quebrada Sonadora",,8.74369406760377,Good,,
2019-06-20 19:00:00," Quebrada Sonadora",,8.74369406760377,Good,,
2019-06-20 19:15:00," Quebrada Sonadora",,8.67608230921581,Good,,
2019-06-20 19:30:00," Quebrada Sonadora",,8.73465101475762,Good,,
2019-06-20 19:45:00," Quebrada Sonadora",,8.68956572276994,Good,,
2019-06-20 20:00:00," Quebrada Sonadora",,8.78903960621,Good,,
2019-06-20 20:15:00," Quebrada Sonadora",,8.74821884779573,Good,,
2019-06-20 20:30:00," Quebrada Sonadora",,8.69856546984329,Good,,
2019-06-20 20:45:00," Quebrada Sonadora",,8.78903960621005,Good,,
2019-06-20 21:00:00," Quebrada Sonadora",,8.80268567392864,Good,,
2019-06-20 21:15:00," Quebrada Sonadora",,8.90335707667549,Good,,
2019-06-20 21:30:00," Quebrada Sonadora",,8.83460277247036,Good,,
2019-06-20 21:45:00," Quebrada Sonadora",,8.94022768937981,Good,,
2019-06-20 22:00:00," Quebrada Sonadora",,8.8574661806619,Good,,
2019-06-20 22:15:00," Quebrada Sonadora",,8.81179394294895,Good,,
2019-06-20 22:30:00," Quebrada Sonadora",,8.90795821894591,Good,,
2019-06-20 22:45:00," Quebrada Sonadora",,8.94022768937958,Good,,
2019-06-20 23:00:00," Quebrada Sonadora",,8.90335707667549,Good,,
2019-06-20 23:15:00," Quebrada Sonadora",,8.90335707667549,Good,,
2019-06-20 23:30:00," Quebrada Sonadora",,8.9356111736609,Good,,
2019-06-20 23:45:00," Quebrada Sonadora",,8.90335707667549,Good,,
2019-06-21 00:00:00," Quebrada Sonadora",,8.88038425342478,Good,,
2019-06-21 00:15:00," Quebrada Sonadora",,9.03768353787802,Good,,
2019-06-21 00:30:00," Quebrada Sonadora",,9.07974876810846,Good,,
2019-06-21 00:45:00," Quebrada Sonadora",,9.17387147324126,Good,,
2019-06-21 01:00:00," Quebrada Sonadora",,9.18333278700158,Good,,
2019-06-21 01:15:00," Quebrada Sonadora",,9.18333278700158,Good,,
2019-06-21 01:30:00," Quebrada Sonadora",,9.31193767488469,Good,,
2019-06-21 01:45:00," Quebrada Sonadora",,9.4957231680317,Good,,
2019-06-21 02:00:00," Quebrada Sonadora",,9.59377212752963,Good,,
2019-06-21 02:15:00," Quebrada Sonadora",,9.75756109840194,Good,,
2019-06-21 02:30:00," Quebrada Sonadora",,9.86815351324412,Good,,
2019-06-21 02:45:00," Quebrada Sonadora",,9.92895178805884,Good,,
2019-06-21 03:00:00," Quebrada Sonadora",,10.0515602974023,Good,,
2019-06-21 03:15:00," Quebrada Sonadora",,10.1651435126913,Good,,
2019-06-21 03:30:00," Quebrada Sonadora",,10.1288792413546,Good,,
2019-06-21 03:45:00," Quebrada Sonadora",,10.0259052492834,Good,,
2019-06-21 04:00:00," Quebrada Sonadora",,10.0875763510303,Good,,
2019-06-21 04:15:00," Quebrada Sonadora",,9.98497948650095,Good,,
2019-06-21 04:30:00," Quebrada Sonadora",,9.91879537727817,Good,,
2019-06-21 04:45:00," Quebrada Sonadora",,9.88332156103445,Good,,
2019-06-21 05:00:00," Quebrada Sonadora",,9.79262764246982,Good,,
2019-06-21 05:15:00," Quebrada Sonadora",,9.75756109840194,Good,,
2019-06-21 05:30:00," Quebrada Sonadora",,9.71762400620025,Good,,
2019-06-21 05:45:00," Quebrada Sonadora",,9.62336544825484,Good,,
2019-06-21 06:00:00," Quebrada Sonadora",,9.52993630038509,Good,,
2019-06-21 06:15:00," Quebrada Sonadora",,9.47135361743523,Good,,
2019-06-21 06:30:00," Quebrada Sonadora",,9.37926754712066,Good,,
2019-06-21 06:45:00," Quebrada Sonadora",,9.45675920608898,Good,,
2019-06-21 07:00:00," Quebrada Sonadora",,9.29756737020756,Good,,
2019-06-21 07:15:00," Quebrada Sonadora",,9.2879984246826,Good,,
2019-06-21 07:30:00," Quebrada Sonadora",,9.30714532088774,Good,,
2019-06-21 07:45:00," Quebrada Sonadora",,9.23077355095319,Good,,
2019-06-21 08:00:00," Quebrada Sonadora",,9.21177038429528,Good,,
2019-06-21 08:15:00," Quebrada Sonadora",,9.2212674871032,Good,,
2019-06-21 08:30:00," Quebrada Sonadora",,9.12199378583432,Good,,
2019-06-21 08:45:00," Quebrada Sonadora",,9.15497564066095,Good,,
2019-06-21 09:00:00," Quebrada Sonadora",,8.97260490873356,Good,,
2019-06-21 09:15:00," Quebrada Sonadora",,8.86204541929965,Good,,
2019-06-21 09:30:00," Quebrada Sonadora",,8.86204541929965,Good,,
2019-06-21 09:45:00," Quebrada Sonadora",,8.80723871892661,Good,,
2019-06-21 10:00:00," Quebrada Sonadora",,8.73917145681992,Good,,
2019-06-21 10:15:00," Quebrada Sonadora",,8.70757386708675,Good,,
2019-06-21 10:30:00," Quebrada Sonadora",,8.6805746203749,Good,,
2019-06-21 10:45:00," Quebrada Sonadora",,8.69406451537839,Good,,
2019-06-21 11:00:00," Quebrada Sonadora",,8.60004280344072,Good,,
2019-06-21 11:15:00," Quebrada Sonadora",,8.56447445702963,Good,,
2019-06-21 11:30:00," Quebrada Sonadora",,8.66261832765673,Good,,
2019-06-21 11:45:00," Quebrada Sonadora",,8.6223427896515,Good,,
2019-06-21 12:00:00," Quebrada Sonadora",,8.56891299627307,Good,,
2019-06-21 12:15:00," Quebrada Sonadora",,8.48934645012775,Good,,
2019-06-21 12:30:00," Quebrada Sonadora",,8.56003805974524,Good,,
2019-06-21 12:45:00," Quebrada Sonadora",,8.4849463612465,Good,,
2019-06-21 13:00:00," Quebrada Sonadora",,8.39739089226521,Good,,
2019-06-21 13:15:00," Quebrada Sonadora",,8.38868198595509,Good,,
2019-06-21 13:30:00," Quebrada Sonadora",,8.28053254503664,Good,,
2019-06-21 13:45:00," Quebrada Sonadora",,8.38868198595509,Good,,
2019-06-21 14:00:00," Quebrada Sonadora",,8.28913611767405,Good,,
2019-06-21 14:15:00," Quebrada Sonadora",,8.31499722872815,Good,,
2019-06-21 14:30:00," Quebrada Sonadora",,8.31499722872832,Good,,
2019-06-21 14:45:00," Quebrada Sonadora",,8.22054214258128,Good,,
2019-06-21 15:00:00," Quebrada Sonadora",,8.29344105185328,Good,,
2019-06-21 15:15:00," Quebrada Sonadora",,8.20774036062016,Good,,
2019-06-21 15:30:00," Quebrada Sonadora",,8.07235236899845,Good,,
2019-06-21 15:45:00," Quebrada Sonadora",,7.99296715904893,Good,,
2019-06-21 16:00:00," Quebrada Sonadora",,7.95562234590722,Good,,
2019-06-21 16:15:00," Quebrada Sonadora",,8.05976844800381,Good,,
2019-06-21 16:30:00," Quebrada Sonadora",,7.98050045396474,Good,,
2019-06-21 16:45:00," Quebrada Sonadora",,7.99296715904893,Good,,
2019-06-21 17:00:00," Quebrada Sonadora",,8.06815566564552,Good,,
2019-06-21 17:15:00," Quebrada Sonadora",,7.98465397250715,Good,,
2019-06-21 17:30:00," Quebrada Sonadora",,7.9266909151778,Good,,
2019-06-21 17:45:00," Quebrada Sonadora",,7.91020356486882,Good,,
2019-06-21 18:00:00," Quebrada Sonadora",,7.88553364499319,Good,,
2019-06-21 18:15:00," Quebrada Sonadora",,7.91844316267895,Good,,
2019-06-21 18:30:00," Quebrada Sonadora",,7.98050045396474,Good,,
2019-06-21 18:45:00," Quebrada Sonadora",,7.88964021128982,Good,,
2019-06-21 19:00:00," Quebrada Sonadora",,7.93081785114151,Good,,
2019-06-21 19:15:00," Quebrada Sonadora",,7.84049545785695,Good,,
2019-06-21 19:30:00," Quebrada Sonadora",,7.88964021128987,Good,,
2019-06-21 19:45:00," Quebrada Sonadora",,7.88142911191119,Good,,
2019-06-21 20:00:00," Quebrada Sonadora",,7.90197211628958,Good,,
2019-06-21 20:15:00," Quebrada Sonadora",,7.79164240715954,Good,,
2019-06-21 20:30:00," Quebrada Sonadora",,7.79164240715937,Good,,
2019-06-21 20:45:00," Quebrada Sonadora",,7.76327903573747,Good,,
2019-06-21 21:00:00," Quebrada Sonadora",,7.81196247053043,Good,,
2019-06-21 21:15:00," Quebrada Sonadora",,7.7632790357373,Good,,
2019-06-21 21:30:00," Quebrada Sonadora",,7.77137278210978,Good,,
2019-06-21 21:45:00," Quebrada Sonadora",,7.71086568508588,Good,,
2019-06-21 22:00:00," Quebrada Sonadora",,7.68278348046721,Good,,
2019-06-21 22:15:00," Quebrada Sonadora",,7.68278348046715,Good,,
2019-06-21 22:30:00," Quebrada Sonadora",,7.66278475067838,Good,,
2019-06-21 22:45:00," Quebrada Sonadora",,7.65879099464826,Good,,
2019-06-21 23:00:00," Quebrada Sonadora",,7.69079696159065,Good,,
2019-06-21 23:15:00," Quebrada Sonadora",,7.64682169415892,Good,,
2019-06-21 23:30:00," Quebrada Sonadora",,7.61896304999453,Good,,
2019-06-21 23:45:00," Quebrada Sonadora",,7.65479923367224,Good,,
2019-06-22 00:00:00," Quebrada Sonadora",,7.69480670256343,Good,,
2019-06-22 00:15:00," Quebrada Sonadora",,7.63089052582689,Good,,
2019-06-22 00:30:00," Quebrada Sonadora",,7.6707782506237,Good,,
2019-06-22 00:45:00," Quebrada Sonadora",,7.59120182994576,Good,,
2019-06-22 01:00:00," Quebrada Sonadora",,7.5991236794768,Good,,
2019-06-22 01:15:00," Quebrada Sonadora",,7.59516176262923,Good,,
2019-06-22 01:30:00," Quebrada Sonadora",,7.63089052582689,Good,,
2019-06-22 01:45:00," Quebrada Sonadora",,7.51633919534089,Good,,
2019-06-22 02:00:00," Quebrada Sonadora",,7.63885212669231,Good,,
2019-06-22 02:15:00," Quebrada Sonadora",,7.59912367947692,Good,,
2019-06-22 02:30:00," Quebrada Sonadora",,7.55565161092176,Good,,
2019-06-22 02:45:00," Quebrada Sonadora",,7.55565161092176,Good,,
2019-06-22 03:00:00," Quebrada Sonadora",,7.47722383580594,Good,,
2019-06-22 03:15:00," Quebrada Sonadora",,7.45773983959378,Good,,
2019-06-22 03:30:00," Quebrada Sonadora",,7.46942435079376,Good,,
2019-06-22 03:45:00," Quebrada Sonadora",,7.46942435079376,Good,,
2019-06-22 04:00:00," Quebrada Sonadora",,7.39186033215157,Good,,
2019-06-22 04:15:00," Quebrada Sonadora",,7.46552755223092,Good,,
2019-06-22 04:30:00," Quebrada Sonadora",,7.46552755223092,Good,,
2019-06-22 04:45:00," Quebrada Sonadora",,7.38800263893421,Good,,
2019-06-22 05:00:00," Quebrada Sonadora",,7.42666734921477,Good,,
2019-06-22 05:15:00," Quebrada Sonadora",,7.46552755223104,Good,,
2019-06-22 05:30:00," Quebrada Sonadora",,7.47332311175882,Good,,
2019-06-22 05:45:00," Quebrada Sonadora",,7.48112652361493,Good,,
2019-06-22 06:00:00," Quebrada Sonadora",,7.44607297166448,Good,,
2019-06-22 06:15:00," Quebrada Sonadora",,7.34186208054371,Good,,
2019-06-22 06:30:00," Quebrada Sonadora",,7.3802930962222,Good,,
2019-06-22 06:45:00," Quebrada Sonadora",,7.39958156570509,Good,,
2019-06-22 07:00:00," Quebrada Sonadora",,7.4383048524673,Good,,
2019-06-22 07:15:00," Quebrada Sonadora",,7.4499599684101,Good,,
2019-06-22 07:30:00," Quebrada Sonadora",,7.46942435079376,Good,,
2019-06-22 07:45:00," Quebrada Sonadora",,7.44218793324308,Good,,
2019-06-22 08:00:00," Quebrada Sonadora",,7.41504744030675,Good,,
2019-06-22 08:15:00," Quebrada Sonadora",,7.42666734921477,Good,,
2019-06-22 08:30:00," Quebrada Sonadora",,7.4266673492146,Good,,
2019-06-22 08:45:00," Quebrada Sonadora",,7.32271936458676,Good,,
2019-06-22 09:00:00," Quebrada Sonadora",,7.31507583909183,Good,,
2019-06-22 09:15:00," Quebrada Sonadora",,7.36105329613105,Good,,
2019-06-22 09:30:00," Quebrada Sonadora",,7.2769742170193,Good,,
2019-06-22 09:45:00," Quebrada Sonadora",,7.25799576514976,Good,,
2019-06-22 10:00:00," Quebrada Sonadora",,7.34186208054348,Good,,
2019-06-22 10:15:00," Quebrada Sonadora",,7.31125697953354,Good,,
2019-06-22 10:30:00," Quebrada Sonadora",,7.22773030971166,Good,,
2019-06-22 10:45:00," Quebrada Sonadora",,7.24663180010793,Good,,
2019-06-22 11:00:00," Quebrada Sonadora",,7.3188966338833,Good,,
2019-06-22 11:15:00," Quebrada Sonadora",,7.31125697953348,Good,,
2019-06-22 11:30:00," Quebrada Sonadora",,7.26558136598527,Good,,
2019-06-22 11:45:00," Quebrada Sonadora",,7.28077569001937,Good,,
2019-06-22 12:00:00," Quebrada Sonadora",,7.1938285065807,Good,,
2019-06-22 12:15:00," Quebrada Sonadora",,7.24284765870362,Good,,
2019-06-22 12:30:00," Quebrada Sonadora",,7.23528514223921,Good,,
2019-06-22 12:45:00," Quebrada Sonadora",,7.21264367476391,Good,,
2019-06-22 13:00:00," Quebrada Sonadora",,7.26937705568071,Good,,
2019-06-22 13:15:00," Quebrada Sonadora",,7.20134882853392,Good,,
2019-06-22 13:30:00," Quebrada Sonadora",,7.13394102291471,Good,,
2019-06-22 13:45:00," Quebrada Sonadora",,7.11904536760073,Good,,
2019-06-22 14:00:00," Quebrada Sonadora",,7.11904536760073,Good,,
2019-06-22 14:15:00," Quebrada Sonadora",,7.0819391322658,Good,,
2019-06-22 14:30:00," Quebrada Sonadora",,7.11160894246558,Good,,
2019-06-22 14:45:00," Quebrada Sonadora",,7.11532620538776,Good,,
2019-06-22 15:00:00," Quebrada Sonadora",,7.13021425676163,Good,,
2019-06-22 15:15:00," Quebrada Sonadora",,7.14140026393545,Good,,
2019-06-22 15:30:00," Quebrada Sonadora",,7.07823893247649,Good,,
2019-06-22 15:45:00," Quebrada Sonadora",,7.11904536760079,Good,,
2019-06-22 16:00:00," Quebrada Sonadora",,7.04502221635357,Good,,
2019-06-22 16:15:00," Quebrada Sonadora",,6.96082809361934,Good,,
2019-06-22 16:30:00," Quebrada Sonadora",,7.0819391322658,Good,,
2019-06-22 16:45:00," Quebrada Sonadora",,7.04870540787357,Good,,
2019-06-22 17:00:00," Quebrada Sonadora",,7.04502221635346,Good,,
2019-06-22 17:15:00," Quebrada Sonadora",,7.11532620538753,Good,,
2019-06-22 17:30:00," Quebrada Sonadora",,7.07454062520412,Good,,
2019-06-22 17:45:00," Quebrada Sonadora",,7.11904536760079,Good,,
2019-06-22 18:00:00," Quebrada Sonadora",,7.11532620538776,Good,,
2019-06-22 18:15:00," Quebrada Sonadora",,7.11904536760079,Good,,
2019-06-22 18:30:00," Quebrada Sonadora",,7.13021425676163,Good,,
2019-06-22 18:45:00," Quebrada Sonadora",,6.97539922584264,Good,,
2019-06-22 19:00:00," Quebrada Sonadora",,7.08564122524911,Good,,
2019-06-22 19:15:00," Quebrada Sonadora",,7.03030830772138,Good,,
2019-06-22 19:30:00," Quebrada Sonadora",,7.08564122524911,Good,,
2019-06-22 19:45:00," Quebrada Sonadora",,7.10046854267006,Good,,
2019-06-22 20:00:00," Quebrada Sonadora",,7.07454062520412,Good,,
2019-06-22 20:15:00," Quebrada Sonadora",,7.04134091125547,Good,,
2019-06-22 20:30:00," Quebrada Sonadora",,7.05239048649224,Good,,
2019-06-22 20:45:00," Quebrada Sonadora",,7.12276642978236,Good,,
2019-06-22 21:00:00," Quebrada Sonadora",,6.99000033504149,Good,,
2019-06-22 21:15:00," Quebrada Sonadora",,7.00463146452512,Good,,
2019-06-22 21:30:00," Quebrada Sonadora",,7.04870540787357,Good,,
2019-06-22 21:45:00," Quebrada Sonadora",,7.04870540787357,Good,,
2019-06-22 22:00:00," Quebrada Sonadora",,6.99365530131871,Good,,
2019-06-22 22:15:00," Quebrada Sonadora",,7.00829394264139,Good,,
2019-06-22 22:30:00," Quebrada Sonadora",,7.01929265760953,Good,,
2019-06-22 22:45:00," Quebrada Sonadora",,7.0192926576097,Good,,
2019-06-22 23:00:00," Quebrada Sonadora",,6.99365530131871,Good,,
2019-06-22 23:15:00," Quebrada Sonadora",,7.00097086538369,Good,,
2019-06-22 23:30:00," Quebrada Sonadora",,6.9390275073871,Good,,
2019-06-22 23:45:00," Quebrada Sonadora",,6.91729412579087,Good,,
2019-06-23 00:00:00," Quebrada Sonadora",,6.96082809361934,Good,,
2019-06-23 00:15:00," Quebrada Sonadora",,7.03030830772138,Good,,
2019-06-23 00:30:00," Quebrada Sonadora",,6.957189989391,Good,,
2019-06-23 00:45:00," Quebrada Sonadora",,6.89562780273434,Good,,
2019-06-23 01:00:00," Quebrada Sonadora",,6.92815242514115,Good,,
2019-06-23 01:15:00," Quebrada Sonadora",,6.7918478911127,Good,,
2019-06-23 01:30:00," Quebrada Sonadora",,6.83460277468618,Good,,
2019-06-23 01:45:00," Quebrada Sonadora",,6.80607003603092,Good,,
2019-06-23 02:00:00," Quebrada Sonadora",,6.90284246848796,Good,,
2019-06-23 02:15:00," Quebrada Sonadora",,6.88122076997502,Good,,
2019-06-23 02:30:00," Quebrada Sonadora",,6.85249574800577,Good,,
2019-06-23 02:45:00," Quebrada Sonadora",,6.88842057169973,Good,,
2019-06-23 03:00:00," Quebrada Sonadora",,6.81319215648494,Good,,
2019-06-23 03:15:00," Quebrada Sonadora",,6.84175441771845,Good,,
2019-06-23 03:30:00," Quebrada Sonadora",,6.80607003603092,Good,,
2019-06-23 03:45:00," Quebrada Sonadora",,6.88481974251164,Good,,
2019-06-23 04:00:00," Quebrada Sonadora",,6.79540066703248,Good,,
2019-06-23 04:15:00," Quebrada Sonadora",,6.86325373340003,Good,,
2019-06-23 04:30:00," Quebrada Sonadora",,6.85249574800577,Good,,
2019-06-23 04:45:00," Quebrada Sonadora",,6.79184789111264,Good,,
2019-06-23 05:00:00," Quebrada Sonadora",,6.89562780273434,Good,,
2019-06-23 05:15:00," Quebrada Sonadora",,6.79184789111264,Good,,
2019-06-23 05:30:00," Quebrada Sonadora",,6.83460277468612,Good,,
2019-06-23 05:45:00," Quebrada Sonadora",,6.87043498551253,Good,,
2019-06-23 06:00:00," Quebrada Sonadora",,6.87043498551253,Good,,
2019-06-23 06:15:00," Quebrada Sonadora",,6.79895528270828,Good,,
2019-06-23 06:30:00," Quebrada Sonadora",,6.81675598107512,Good,,
2019-06-23 06:45:00," Quebrada Sonadora",,6.89562780273434,Good,,
2019-06-23 07:00:00," Quebrada Sonadora",,6.777655171486,Good,,
2019-06-23 07:15:00," Quebrada Sonadora",,6.81319215648494,Good,,
2019-06-23 07:30:00," Quebrada Sonadora",,6.8238891623605,Good,,
2019-06-23 07:45:00," Quebrada Sonadora",,6.73877656376897,Good,,
2019-06-23 08:00:00," Quebrada Sonadora",,6.84533301170643,Good,,
2019-06-23 08:15:00," Quebrada Sonadora",,6.72469380402617,Good,,
2019-06-23 08:30:00," Quebrada Sonadora",,6.83102972429032,Good,,
2019-06-23 08:45:00," Quebrada Sonadora",,6.83102972429032,Good,,
2019-06-23 09:00:00," Quebrada Sonadora",,6.79895528270839,Good,,
2019-06-23 09:15:00," Quebrada Sonadora",,6.72821175289863,Good,,
2019-06-23 09:30:00," Quebrada Sonadora",,6.78829695427362,Good,,
2019-06-23 09:45:00," Quebrada Sonadora",,6.69311436444173,Good,,
2019-06-23 10:00:00," Quebrada Sonadora",,6.74230182439408,Good,,
2019-06-23 10:15:00," Quebrada Sonadora",,6.6721433430032,Good,,
2019-06-23 10:30:00," Quebrada Sonadora",,6.71415091221132,Good,,
2019-06-23 10:45:00," Quebrada Sonadora",,6.66168235910908,Good,,
2019-06-23 11:00:00," Quebrada Sonadora",,6.74230182439408,Good,,
2019-06-23 11:15:00," Quebrada Sonadora",,6.70011925912945,Good,,
2019-06-23 11:30:00," Quebrada Sonadora",,6.64080935388904,Good,,
2019-06-23 11:45:00," Quebrada Sonadora",,6.75642116990571,Good,,
2019-06-23 12:00:00," Quebrada Sonadora",,6.73877656376914,Good,,
2019-06-23 12:15:00," Quebrada Sonadora",,6.7036244384243,Good,,
2019-06-23 12:30:00," Quebrada Sonadora",,6.67214334300314,Good,,
2019-06-23 12:45:00," Quebrada Sonadora",,6.75288858672548,Good,,
2019-06-23 13:00:00," Quebrada Sonadora",,6.62693022718236,Good,,
2019-06-23 13:15:00," Quebrada Sonadora",,6.70713143991958,Good,,
2019-06-23 13:30:00," Quebrada Sonadora",,6.68611675045713,Good,,
2019-06-23 13:45:00," Quebrada Sonadora",,6.67912641177708,Good,,
2019-06-23 14:00:00," Quebrada Sonadora",,6.68262067204137,Good,,
2019-06-23 14:15:00," Quebrada Sonadora",,6.66516753873776,Good,,
2019-06-23 14:30:00," Quebrada Sonadora",,6.67912641177708,Good,,
2019-06-23 14:45:00," Quebrada Sonadora",,6.67563396898919,Good,,
2019-06-23 15:00:00," Quebrada Sonadora",,6.69311436444173,Good,,
2019-06-23 15:15:00," Quebrada Sonadora",,6.63386617312256,Good,,
2019-06-23 15:30:00," Quebrada Sonadora",,6.6165398617693,Good,,
2019-06-23 15:45:00," Quebrada Sonadora",,6.65471744148613,Good,,
2019-06-23 16:00:00," Quebrada Sonadora",,6.54426122877175,Good,,
2019-06-23 16:15:00," Quebrada Sonadora",,6.62000151067326,Good,,
2019-06-23 16:30:00," Quebrada Sonadora",,6.60271131275624,Good,,
2019-06-23 16:45:00," Quebrada Sonadora",,6.60962197929075,Good,,
2019-06-23 17:00:00," Quebrada Sonadora",,6.59580785677127,Good,,
2019-06-23 17:15:00," Quebrada Sonadora",,6.64775977487841,Good,,
2019-06-23 17:30:00," Quebrada Sonadora",,6.61308001819987,Good,,
2019-06-23 17:45:00," Quebrada Sonadora",,6.62346496558598,Good,,
2019-06-23 18:00:00," Quebrada Sonadora",,6.64775977487835,Good,,
2019-06-23 18:15:00," Quebrada Sonadora",,6.64080935388921,Good,,
2019-06-23 18:30:00," Quebrada Sonadora",,6.63039729613638,Good,,
2019-06-23 18:45:00," Quebrada Sonadora",,6.58202255487527,Good,,
2019-06-23 19:00:00," Quebrada Sonadora",,6.57170246603175,Good,,
2019-06-23 19:15:00," Quebrada Sonadora",,6.52034419483277,Good,,
2019-06-23 19:30:00," Quebrada Sonadora",,6.57170246603192,Good,,
2019-06-23 19:45:00," Quebrada Sonadora",,6.61308001819987,Good,,
2019-06-23 20:00:00," Quebrada Sonadora",,6.56139854631891,Good,,
2019-06-23 20:15:00," Quebrada Sonadora",,6.55796749640922,Good,,
2019-06-23 20:30:00," Quebrada Sonadora",,6.54083914149305,Good,,
2019-06-23 20:45:00," Quebrada Sonadora",,6.48293705517432,Good,,
2019-06-23 21:00:00," Quebrada Sonadora",,6.52375554919126,Good,,
2019-06-23 21:15:00," Quebrada Sonadora",,6.54083914149305,Good,,
2019-06-23 21:30:00," Quebrada Sonadora",,6.54083914149305,Good,,
2019-06-23 21:45:00," Quebrada Sonadora",,6.48632879550121,Good,,
2019-06-23 22:00:00," Quebrada Sonadora",,6.49651469753178,Good,,
2019-06-23 22:15:00," Quebrada Sonadora",,6.48972231555399,Good,,
2019-06-23 22:30:00," Quebrada Sonadora",,6.5305836199887,Good,,
2019-06-23 22:45:00," Quebrada Sonadora",,6.5305836199887,Good,,
2019-06-23 23:00:00," Quebrada Sonadora",,6.46262394974781,Good,,
2019-06-23 23:15:00," Quebrada Sonadora",,6.49311761600632,Good,,
2019-06-23 23:30:00," Quebrada Sonadora",,6.48293705517443,Good,,
2019-06-23 23:45:00," Quebrada Sonadora",,6.51693462693629,Good,,
2019-06-24 00:00:00," Quebrada Sonadora",,6.44911738868734,Good,,
2019-06-24 00:15:00," Quebrada Sonadora",,6.46938787765856,Good,,
2019-06-24 00:30:00," Quebrada Sonadora",,6.45249136879056,Good,,
2019-06-24 00:45:00," Quebrada Sonadora",,6.47277250581573,Good,,
2019-06-24 01:00:00," Quebrada Sonadora",,6.57170246603192,Good,,
2019-06-24 01:15:00," Quebrada Sonadora",,6.46938787765851,Good,,
2019-06-24 01:30:00," Quebrada Sonadora",,6.47615891100503,Good,,
2019-06-24 01:45:00," Quebrada Sonadora",,6.51693462693629,Good,,
2019-06-24 02:00:00," Quebrada Sonadora",,6.4897223155541,Good,,
2019-06-24 02:15:00," Quebrada Sonadora",,6.49651469753178,Good,,
2019-06-24 02:30:00," Quebrada Sonadora",,6.45249136879056,Good,,
2019-06-24 02:45:00," Quebrada Sonadora",,6.48632879550132,Good,,
2019-06-24 03:00:00," Quebrada Sonadora",,6.50671663528124,Good,,
2019-06-24 03:15:00," Quebrada Sonadora",,6.4423747447654,Good,,
2019-06-24 03:30:00," Quebrada Sonadora",,6.4423747447654,Good,,
2019-06-24 03:45:00," Quebrada Sonadora",,6.41212043252455,Good,,
2019-06-24 04:00:00," Quebrada Sonadora",,6.4423747447654,Good,,
2019-06-24 04:15:00," Quebrada Sonadora",,6.41212043252443,Good,,
2019-06-24 04:30:00," Quebrada Sonadora",,6.40541668336743,Good,,
2019-06-24 04:45:00," Quebrada Sonadora",,6.38200907842401,Good,,
2019-06-24 05:00:00," Quebrada Sonadora",,6.47954709390029,Good,,
2019-06-24 05:15:00," Quebrada Sonadora",,6.45249136879056,Good,,
2019-06-24 05:30:00," Quebrada Sonadora",,6.56483139077653,Good,,
2019-06-24 05:45:00," Quebrada Sonadora",,6.49651469753178,Good,,
2019-06-24 06:00:00," Quebrada Sonadora",,6.49991356080358,Good,,
2019-06-24 06:15:00," Quebrada Sonadora",,6.49991356080358,Good,,
2019-06-24 06:30:00," Quebrada Sonadora",,6.49311761600632,Good,,
2019-06-24 06:45:00," Quebrada Sonadora",,6.47615891100503,Good,,
2019-06-24 07:00:00," Quebrada Sonadora",,6.42891070320962,Good,,
2019-06-24 07:15:00," Quebrada Sonadora",,6.48972231555399,Good,,
2019-06-24 07:30:00," Quebrada Sonadora",,6.50671663528124,Good,,
2019-06-24 07:45:00," Quebrada Sonadora",,6.45586712188623,Good,,
2019-06-24 08:00:00," Quebrada Sonadora",,6.50671663528124,Good,,
2019-06-24 08:15:00," Quebrada Sonadora",,6.43227405949546,Good,,
2019-06-24 08:30:00," Quebrada Sonadora",,6.51693462693629,Good,,
2019-06-24 08:45:00," Quebrada Sonadora",,6.45924464864754,Good,,
2019-06-24 09:00:00," Quebrada Sonadora",,6.52034419483277,Good,,
2019-06-24 09:15:00," Quebrada Sonadora",,6.50671663528124,Good,,
2019-06-24 09:30:00," Quebrada Sonadora",,6.46938787765856,Good,,
2019-06-24 09:45:00," Quebrada Sonadora",,6.48972231555399,Good,,
2019-06-24 10:00:00," Quebrada Sonadora",,6.43227405949546,Good,,
2019-06-24 10:15:00," Quebrada Sonadora",,6.48972231555399,Good,,
2019-06-24 10:30:00," Quebrada Sonadora",,6.51693462693629,Good,,
2019-06-24 10:45:00," Quebrada Sonadora",,6.54083914149305,Good,,
2019-06-24 11:00:00," Quebrada Sonadora",,6.5374188447189,Good,,
2019-06-24 11:15:00," Quebrada Sonadora",,6.58202255487515,Good,,
2019-06-24 11:30:00," Quebrada Sonadora",,6.5305836199887,Good,,
2019-06-24 11:45:00," Quebrada Sonadora",,6.51352684482794,Good,,
2019-06-24 12:00:00," Quebrada Sonadora",,6.49651469753178,Good,,
2019-06-24 12:15:00," Quebrada Sonadora",,6.53400033777541,Good,,
2019-06-24 12:30:00," Quebrada Sonadora",,6.49311761600643,Good,,
2019-06-24 12:45:00," Quebrada Sonadora",,6.49311761600643,Good,,
2019-06-24 13:00:00," Quebrada Sonadora",,6.45924464864754,Good,,
2019-06-24 13:15:00," Quebrada Sonadora",,6.45586712188634,Good,,
2019-06-24 13:30:00," Quebrada Sonadora",,6.49311761600632,Good,,
2019-06-24 13:45:00," Quebrada Sonadora",,6.4897223155541,Good,,
2019-06-24 14:00:00," Quebrada Sonadora",,6.46938787765851,Good,,
2019-06-24 14:15:00," Quebrada Sonadora",,6.48293705517443,Good,,
2019-06-24 14:30:00," Quebrada Sonadora",,6.43563918473444,Good,,
2019-06-24 14:45:00," Quebrada Sonadora",,6.46600502586051,Good,,
2019-06-24 15:00:00," Quebrada Sonadora",,6.47277250581561,Good,,
2019-06-24 15:15:00," Quebrada Sonadora",,6.50671663528124,Good,,
2019-06-24 15:30:00," Quebrada Sonadora",,6.49311761600643,Good,,
2019-06-24 15:45:00," Quebrada Sonadora",,6.5923588310493,Good,,
2019-06-24 16:00:00," Quebrada Sonadora",,6.51352684482794,Good,,
2019-06-24 16:15:00," Quebrada Sonadora",,6.51352684482794,Good,,
2019-06-24 16:30:00," Quebrada Sonadora",,6.50331420649547,Good,,
2019-06-24 16:45:00," Quebrada Sonadora",,6.56139854631903,Good,,
2019-06-24 17:00:00," Quebrada Sonadora",,6.55111077753821,Good,,
2019-06-24 17:15:00," Quebrada Sonadora",,6.46938787765868,Good,,
2019-06-24 17:30:00," Quebrada Sonadora",,6.46938787765856,Good,,
2019-06-24 17:45:00," Quebrada Sonadora",,6.51693462693629,Good,,
2019-06-24 18:00:00," Quebrada Sonadora",,6.54426122877175,Good,,
2019-06-24 18:15:00," Quebrada Sonadora",,6.68611675045696,Good,,
2019-06-24 18:30:00," Quebrada Sonadora",,6.7458289146449,Good,,
2019-06-24 18:45:00," Quebrada Sonadora",,6.7918478911127,Good,,
2019-06-24 19:00:00," Quebrada Sonadora",,6.88842057169973,Good,,
2019-06-24 19:15:00," Quebrada Sonadora",,6.88842057169973,Good,,
2019-06-24 19:30:00," Quebrada Sonadora",,7.0082939426415,Good,,
2019-06-24 19:45:00," Quebrada Sonadora",,6.9717536341372,Good,,
2019-06-24 20:00:00," Quebrada Sonadora",,7.07823893247649,Good,,
2019-06-24 20:15:00," Quebrada Sonadora",,7.34186208054348,Good,,
2019-06-24 20:30:00," Quebrada Sonadora",,7.46942435079376,Good,,
2019-06-24 20:45:00," Quebrada Sonadora",,7.46552755223104,Good,,
2019-06-24 21:00:00," Quebrada Sonadora",,7.49284637641006,Good,,
2019-06-24 21:15:00," Quebrada Sonadora",,7.57538192724559,Good,,
2019-06-24 21:30:00," Quebrada Sonadora",,7.51241880308453,Good,,
2019-06-24 21:45:00," Quebrada Sonadora",,7.65879099464831,Good,,
2019-06-24 22:00:00," Quebrada Sonadora",,7.73904608111593,Good,,
2019-06-24 22:15:00," Quebrada Sonadora",,7.78758444981003,Good,,
2019-06-24 22:30:00," Quebrada Sonadora",,7.86912770513317,Good,,
2019-06-24 22:45:00," Quebrada Sonadora",,7.88964021128982,Good,,
2019-06-24 23:00:00," Quebrada Sonadora",,7.85684457273436,Good,,
2019-06-24 23:15:00," Quebrada Sonadora",,7.81196247053043,Good,,
2019-06-24 23:30:00," Quebrada Sonadora",,7.78352850931185,Good,,
2019-06-24 23:45:00," Quebrada Sonadora",,7.8201046376937,Good,,
2019-06-25 00:00:00," Quebrada Sonadora",,7.86093692085058,Good,,
2019-06-25 00:15:00," Quebrada Sonadora",,7.85275425305872,Good,,
2019-06-25 00:30:00," Quebrada Sonadora",,7.73098450623877,Good,,
2019-06-25 00:45:00," Quebrada Sonadora",,7.79976437513818,Good,,
2019-06-25 01:00:00," Quebrada Sonadora",,7.8078944187011,Good,,
2019-06-25 01:15:00," Quebrada Sonadora",,7.83641324512519,Good,,
2019-06-25 01:30:00," Quebrada Sonadora",,7.78352850931185,Good,,
2019-06-25 01:45:00," Quebrada Sonadora",,7.70684793529847,Good,,
2019-06-25 02:00:00," Quebrada Sonadora",,7.63089052582683,Good,,
2019-06-25 02:15:00," Quebrada Sonadora",,7.79164240715954,Good,,
2019-06-25 02:30:00," Quebrada Sonadora",,7.83233305742471,Good,,
2019-06-25 02:45:00," Quebrada Sonadora",,7.84049545785695,Good,,
2019-06-25 03:00:00," Quebrada Sonadora",,7.82825489407389,Good,,
2019-06-25 03:15:00," Quebrada Sonadora",,7.82825489407389,Good,,
2019-06-25 03:30:00," Quebrada Sonadora",,7.81603254330065,Good,,
2019-06-25 03:45:00," Quebrada Sonadora",,7.73501428968075,Good,,
2019-06-25 04:00:00," Quebrada Sonadora",,7.73501428968075,Good,,
2019-06-25 04:15:00," Quebrada Sonadora",,7.81196247053049,Good,,
2019-06-25 04:30:00," Quebrada Sonadora",,7.73098450623866,Good,,
2019-06-25 04:45:00," Quebrada Sonadora",,7.66678050244337,Good,,
2019-06-25 05:00:00," Quebrada Sonadora",,7.6348703307749,Good,,
2019-06-25 05:15:00," Quebrada Sonadora",,7.55565161092176,Good,,
2019-06-25 05:30:00," Quebrada Sonadora",,7.5556516109217,Good,,
2019-06-25 05:45:00," Quebrada Sonadora",,7.59912367947692,Good,,
2019-06-25 06:00:00," Quebrada Sonadora",,7.67477799590051,Good,,
2019-06-25 06:15:00," Quebrada Sonadora",,7.55959371674345,Good,,
2019-06-25 06:30:00," Quebrada Sonadora",,7.71086568508588,Good,,
2019-06-25 06:45:00," Quebrada Sonadora",,7.73904608111593,Good,,
2019-06-25 07:00:00," Quebrada Sonadora",,7.81196247053049,Good,,
2019-06-25 07:15:00," Quebrada Sonadora",,7.71488543877928,Good,,
2019-06-25 07:30:00," Quebrada Sonadora",,7.8732261426631,Good,,
2019-06-25 07:45:00," Quebrada Sonadora",,7.90608682226633,Good,,
2019-06-25 08:00:00," Quebrada Sonadora",,7.88553364499319,Good,,
2019-06-25 08:15:00," Quebrada Sonadora",,7.95148315539302,Good,,
2019-06-25 08:30:00," Quebrada Sonadora",,7.8732261426631,Good,,
2019-06-25 08:45:00," Quebrada Sonadora",,7.91432234477901,Good,,
2019-06-25 09:00:00," Quebrada Sonadora",,7.95562234590716,Good,,
2019-06-25 09:15:00," Quebrada Sonadora",,7.99712682841414,Good,,
2019-06-25 09:30:00," Quebrada Sonadora",,7.89785944625584,Good,,
2019-06-25 09:45:00," Quebrada Sonadora",,8.00961814907697,Good,,
2019-06-25 10:00:00," Quebrada Sonadora",,7.94734600901018,Good,,
2019-06-25 10:15:00," Quebrada Sonadora",,7.93907784590812,Good,,
2019-06-25 10:30:00," Quebrada Sonadora",,7.9308178511414,Good,,
2019-06-25 10:45:00," Quebrada Sonadora",,7.94321090607593,Good,,
2019-06-25 11:00:00," Quebrada Sonadora",,7.95148315539302,Good,,
2019-06-25 11:15:00," Quebrada Sonadora",,8.0472030839552,Good,,
2019-06-25 11:30:00," Quebrada Sonadora",,8.11021565810211,Good,,
2019-06-25 11:45:00," Quebrada Sonadora",,8.17369400062461,Good,,
2019-06-25 12:00:00," Quebrada Sonadora",,8.02630199811057,Good,,
2019-06-25 12:15:00," Quebrada Sonadora",,8.19070051607162,Good,,
2019-06-25 12:30:00," Quebrada Sonadora",,8.17794250727616,Good,,
2019-06-25 12:45:00," Quebrada Sonadora",,8.05976844800387,Good,,
2019-06-25 13:00:00," Quebrada Sonadora",,8.10600035476511,Good,,
2019-06-25 13:15:00," Quebrada Sonadora",,8.18219309494532,Good,,
2019-06-25 13:30:00," Quebrada Sonadora",,8.22481357803463,Good,,
2019-06-25 13:45:00," Quebrada Sonadora",,8.11021565810216,Good,,
2019-06-25 14:00:00," Quebrada Sonadora",,8.20347727248645,Good,,
2019-06-25 14:15:00," Quebrada Sonadora",,8.11443303152049,Good,,
2019-06-25 14:30:00," Quebrada Sonadora",,8.08915982856274,Good,,
2019-06-25 14:45:00," Quebrada Sonadora",,8.15248265870144,Good,,
2019-06-25 15:00:00," Quebrada Sonadora",,8.0639610255418,Good,,
2019-06-25 15:15:00," Quebrada Sonadora",,8.06815566564552,Good,,
2019-06-25 15:30:00," Quebrada Sonadora",,8.18219309494549,Good,,
2019-06-25 15:45:00," Quebrada Sonadora",,8.13132323967346,Good,,
2019-06-25 16:00:00," Quebrada Sonadora",,8.18219309494532,Good,,
2019-06-25 16:15:00," Quebrada Sonadora",,8.25477214362593,Good,,
2019-06-25 16:30:00," Quebrada Sonadora",,8.3409340444743,Good,,
2019-06-25 16:45:00," Quebrada Sonadora",,8.34093404447412,Good,,
2019-06-25 17:00:00," Quebrada Sonadora",,8.38433070496285,Good,,
2019-06-25 17:15:00," Quebrada Sonadora",,8.34093404447412,Good,,
2019-06-25 17:30:00," Quebrada Sonadora",,8.35393088781046,Good,,
2019-06-25 17:45:00," Quebrada Sonadora",,8.44544131193777,Good,,
2019-06-25 18:00:00," Quebrada Sonadora",,8.34959649854227,Good,,
2019-06-25 18:15:00," Quebrada Sonadora",,8.41920019856894,Good,,
2019-06-25 18:30:00," Quebrada Sonadora",,8.43668578764851,Good,,
2019-06-25 18:45:00," Quebrada Sonadora",,8.28053254503664,Good,,
2019-06-25 19:00:00," Quebrada Sonadora",,8.33228001846686,Good,,
2019-06-25 19:15:00," Quebrada Sonadora",,8.43668578764868,Good,,
2019-06-25 19:30:00," Quebrada Sonadora",,8.3236344150435,Good,,
2019-06-25 19:45:00," Quebrada Sonadora",,8.34526421765838,Good,,
2019-06-25 20:00:00," Quebrada Sonadora",,8.25477214362616,Good,,
2019-06-25 20:15:00," Quebrada Sonadora",,8.18644576431609,Good,,
2019-06-25 20:30:00," Quebrada Sonadora",,8.15248265870144,Good,,
2019-06-25 20:45:00," Quebrada Sonadora",,8.0765511362834,Good,,
2019-06-25 21:00:00," Quebrada Sonadora",,8.03465625841062,Good,,
2019-06-25 21:15:00," Quebrada Sonadora",,7.95562234590716,Good,,
2019-06-25 21:30:00," Quebrada Sonadora",,7.91844316267901,Good,,
2019-06-25 21:45:00," Quebrada Sonadora",,7.87732661136198,Good,,
2019-06-25 22:00:00," Quebrada Sonadora",,7.9266909151778,Good,,
2019-06-25 22:15:00," Quebrada Sonadora",,7.8201046376937,Good,,
2019-06-25 22:30:00," Quebrada Sonadora",,7.85684457273436,Good,,
2019-06-25 22:45:00," Quebrada Sonadora",,7.71890719706022,Good,,
2019-06-25 23:00:00," Quebrada Sonadora",,7.63885212669231,Good,,
2019-06-25 23:15:00," Quebrada Sonadora",,7.76732490220161,Good,,
2019-06-25 23:30:00," Quebrada Sonadora",,7.65479923367235,Good,,
2019-06-25 23:45:00," Quebrada Sonadora",,7.63885212669231,Good,,
2019-06-26 00:00:00," Quebrada Sonadora",,7.57143190517712,Good,,
2019-06-26 00:15:00," Quebrada Sonadora",,7.49284637640989,Good,,
2019-06-26 00:30:00," Quebrada Sonadora",,7.38414689385081,Good,,
2019-06-26 00:45:00," Quebrada Sonadora",,7.35337098450867,Good,,
2019-06-26 01:00:00," Quebrada Sonadora",,7.31507583909183,Good,,
2019-06-26 01:15:00," Quebrada Sonadora",,7.32271936458676,Good,,
2019-06-26 01:30:00," Quebrada Sonadora",,7.28077569001931,Good,,
2019-06-26 01:45:00," Quebrada Sonadora",,7.20134882853392,Good,,
2019-06-26 02:00:00," Quebrada Sonadora",,7.16382370551048,Good,,
2019-06-26 02:15:00," Quebrada Sonadora",,7.1675676201728,Good,,
2019-06-26 02:30:00," Quebrada Sonadora",,7.08564122524911,Good,,
2019-06-26 02:45:00," Quebrada Sonadora",,7.19382850658076,Good,,
2019-06-26 03:00:00," Quebrada Sonadora",,7.14886712109364,Good,,
2019-06-26 03:15:00," Quebrada Sonadora",,7.11160894246564,Good,,
2019-06-26 03:30:00," Quebrada Sonadora",,7.04870540787357,Good,,
2019-06-26 03:45:00," Quebrada Sonadora",,7.13766969174674,Good,,
2019-06-26 04:00:00," Quebrada Sonadora",,7.10418011178422,Good,,
2019-06-26 04:15:00," Quebrada Sonadora",,6.95355375534064,Good,,
2019-06-26 04:30:00," Quebrada Sonadora",,7.03398395761667,Good,,
2019-06-26 04:45:00," Quebrada Sonadora",,6.93540061407845,Good,,
2019-06-26 05:00:00," Quebrada Sonadora",,6.96810991531584,Good,,
2019-06-26 05:15:00," Quebrada Sonadora",,6.90284246848796,Good,,
2019-06-26 05:30:00," Quebrada Sonadora",,6.8668434328207,Good,,
2019-06-26 05:45:00," Quebrada Sonadora",,6.93540061407845,Good,,
2019-06-26 06:00:00," Quebrada Sonadora",,7.00097086538369,Good,,
2019-06-26 06:15:00," Quebrada Sonadora",,6.81675598107512,Good,,
2019-06-26 06:30:00," Quebrada Sonadora",,6.85249574800548,Good,,
2019-06-26 06:45:00," Quebrada Sonadora",,6.77411158421501,Good,,
2019-06-26 07:00:00," Quebrada Sonadora",,6.80251173881601,Good,,
2019-06-26 07:15:00," Quebrada Sonadora",,6.79540066703248,Good,,
2019-06-26 07:30:00," Quebrada Sonadora",,6.82032164947509,Good,,
2019-06-26 07:45:00," Quebrada Sonadora",,6.74230182439396,Good,,
2019-06-26 08:00:00," Quebrada Sonadora",,6.83460277468612,Good,,
2019-06-26 08:15:00," Quebrada Sonadora",,6.74935783519709,Good,,
2019-06-26 08:30:00," Quebrada Sonadora",,6.71415091221132,Good,,
2019-06-26 08:45:00," Quebrada Sonadora",,6.73877656376897,Good,,
2019-06-26 09:00:00," Quebrada Sonadora",,6.65819899358337,Good,,
2019-06-26 09:15:00," Quebrada Sonadora",,6.75288858672548,Good,,
2019-06-26 09:30:00," Quebrada Sonadora",,6.71064026429025,Good,,
2019-06-26 09:45:00," Quebrada Sonadora",,6.7458289146449,Good,,
2019-06-26 10:00:00," Quebrada Sonadora",,6.71415091221132,Good,,
2019-06-26 10:15:00," Quebrada Sonadora",,6.71415091221132,Good,,
2019-06-26 10:30:00," Quebrada Sonadora",,6.63733685881527,Good,,
2019-06-26 10:45:00," Quebrada Sonadora",,6.60962197929086,Good,,
2019-06-26 11:00:00," Quebrada Sonadora",,6.64428365901864,Good,,
2019-06-26 11:15:00," Quebrada Sonadora",,6.63386617312256,Good,,
2019-06-26 11:30:00," Quebrada Sonadora",,6.62693022718236,Good,,
2019-06-26 11:45:00," Quebrada Sonadora",,6.62346496558615,Good,,
2019-06-26 12:00:00," Quebrada Sonadora",,6.6165398617693,Good,,
2019-06-26 12:15:00," Quebrada Sonadora",,6.63039729613644,Good,,
2019-06-26 12:30:00," Quebrada Sonadora",,6.60271131275636,Good,,
2019-06-26 12:45:00," Quebrada Sonadora",,6.5889116059422,Good,,
2019-06-26 13:00:00," Quebrada Sonadora",,6.55796749640922,Good,,
2019-06-26 13:15:00," Quebrada Sonadora",,6.52034419483277,Good,,
2019-06-26 13:30:00," Quebrada Sonadora",,6.49991356080358,Good,,
2019-06-26 13:45:00," Quebrada Sonadora",,6.49991356080358,Good,,
2019-06-26 14:00:00," Quebrada Sonadora",,6.46938787765856,Good,,
2019-06-26 14:15:00," Quebrada Sonadora",,6.34871908866518,Good,,
2019-06-26 14:30:00," Quebrada Sonadora",,6.40206745447938,Good,,
2019-06-26 14:45:00," Quebrada Sonadora",,6.44237474476535,Good,,
2019-06-26 15:00:00," Quebrada Sonadora",,6.41883124134205,Good,,
2019-06-26 15:15:00," Quebrada Sonadora",,6.32882924023852,Good,,
2019-06-26 15:30:00," Quebrada Sonadora",,6.33545219014906,Good,,
2019-06-26 15:45:00," Quebrada Sonadora",,6.27937962697195,Good,,
2019-06-26 16:00:00," Quebrada Sonadora",,6.26298343531465,Good,,
2019-06-26 16:15:00," Quebrada Sonadora",,6.24010160368653,Good,,
2019-06-26 16:30:00," Quebrada Sonadora",,6.21080663017608,Good,,
2019-06-26 16:45:00," Quebrada Sonadora",,6.26625920164855,Good,,
2019-06-26 17:00:00," Quebrada Sonadora",,6.26625920164855,Good,,
2019-06-26 17:15:00," Quebrada Sonadora",,6.32882924023852,Good,,
2019-06-26 17:30:00," Quebrada Sonadora",,6.26625920164855,Good,,
2019-06-26 17:45:00," Quebrada Sonadora",,6.30240731073417,Good,,
2019-06-26 18:00:00," Quebrada Sonadora",,6.23357951715093,Good,,
2019-06-26 18:15:00," Quebrada Sonadora",,6.33876628893233,Good,,
2019-06-26 18:30:00," Quebrada Sonadora",,6.29911241884349,Good,,
2019-06-26 18:45:00," Quebrada Sonadora",,6.22706434504897,Good,,
2019-06-26 19:00:00," Quebrada Sonadora",,6.22706434504897,Good,,
2019-06-26 19:15:00," Quebrada Sonadora",,6.26298343531465,Good,,
2019-06-26 19:30:00," Quebrada Sonadora",,6.21080663017614,Good,,
2019-06-26 19:45:00," Quebrada Sonadora",,6.26625920164855,Good,,
2019-06-26 20:00:00," Quebrada Sonadora",,6.24663061002957,Good,,
2019-06-26 20:15:00," Quebrada Sonadora",,6.28595026503439,Good,,
2019-06-26 20:30:00," Quebrada Sonadora",,6.17196379316431,Good,,
2019-06-26 20:45:00," Quebrada Sonadora",,6.15585226793127,Good,,
2019-06-26 21:00:00," Quebrada Sonadora",,6.15585226793127,Good,,
2019-06-26 21:15:00," Quebrada Sonadora",,6.23683969577877,Good,,
2019-06-26 21:30:00," Quebrada Sonadora",,6.1622917358456,Good,,
2019-06-26 21:45:00," Quebrada Sonadora",,6.23032106713168,Good,,
2019-06-26 22:00:00," Quebrada Sonadora",,6.14299387665523,Good,,
2019-06-26 22:15:00," Quebrada Sonadora",,6.10139281645871,Good,,
2019-06-26 22:30:00," Quebrada Sonadora",,6.10777423071391,Good,,
2019-06-26 22:45:00," Quebrada Sonadora",,6.06958770307142,Good,,
2019-06-26 23:00:00," Quebrada Sonadora",,6.09183345154963,Good,,
2019-06-26 23:15:00," Quebrada Sonadora",,6.13016284232253,Good,,
2019-06-26 23:30:00," Quebrada Sonadora",,6.12055749373206,Good,,
2019-06-26 23:45:00," Quebrada Sonadora",,6.12055749373206,Good,,
2019-06-27 00:00:00," Quebrada Sonadora",,6.1301628423227,Good,,
2019-06-27 00:15:00," Quebrada Sonadora",,6.10458267270752,Good,,
2019-06-27 00:30:00," Quebrada Sonadora",,6.16551404022096,Good,,
2019-06-27 00:45:00," Quebrada Sonadora",,6.10777423071397,Good,,
2019-06-27 01:00:00," Quebrada Sonadora",,6.10458267270752,Good,,
2019-06-27 01:15:00," Quebrada Sonadora",,6.06324703441396,Good,,
2019-06-27 01:30:00," Quebrada Sonadora",,6.05691313791243,Good,,
2019-06-27 01:45:00," Quebrada Sonadora",,6.05691313791243,Good,,
2019-06-27 02:00:00," Quebrada Sonadora",,6.08865039562323,Good,,
2019-06-27 02:15:00," Quebrada Sonadora",,6.11096749114893,Good,,
2019-06-27 02:30:00," Quebrada Sonadora",,6.0664165218879,Good,,
2019-06-27 02:45:00," Quebrada Sonadora",,6.11416245468286,Good,,
2019-06-27 03:00:00," Quebrada Sonadora",,6.06007923997902,Good,,
2019-06-27 03:15:00," Quebrada Sonadora",,6.0664165218879,Good,,
2019-06-27 03:30:00," Quebrada Sonadora",,6.09820466129662,Good,,
2019-06-27 03:45:00," Quebrada Sonadora",,6.05058600820286,Good,,
2019-06-27 04:00:00," Quebrada Sonadora",,6.08228937831115,Good,,
2019-06-27 04:15:00," Quebrada Sonadora",,5.99707785705499,Good,,
2019-06-27 04:30:00," Quebrada Sonadora",,6.01905167382205,Good,,
2019-06-27 04:45:00," Quebrada Sonadora",,5.97830864524894,Good,,
2019-06-27 05:00:00," Quebrada Sonadora",,6.01276503224204,Good,,
2019-06-27 05:15:00," Quebrada Sonadora",,6.00962423525783,Good,,
2019-06-27 05:30:00," Quebrada Sonadora",,6.04426563992149,Good,,
2019-06-27 05:45:00," Quebrada Sonadora",,5.97518630949122,Good,,
2019-06-27 06:00:00," Quebrada Sonadora",,6.03795202770539,Good,,
2019-06-27 06:15:00," Quebrada Sonadora",,6.01590751154009,Good,,
2019-06-27 06:30:00," Quebrada Sonadora",,6.08546903810077,Good,,
2019-06-27 06:45:00," Quebrada Sonadora",,6.13336803854099,Good,,
2019-06-27 07:00:00," Quebrada Sonadora",,6.07911141558407,Good,,
2019-06-27 07:15:00," Quebrada Sonadora",,6.07911141558407,Good,,
2019-06-27 07:30:00," Quebrada Sonadora",,6.0664165218879,Good,,
2019-06-27 07:45:00," Quebrada Sonadora",,6.20107269350717,Good,,
2019-06-27 08:00:00," Quebrada Sonadora",,6.13978355503633,Good,,
2019-06-27 08:15:00," Quebrada Sonadora",,6.11735912198696,Good,,
2019-06-27 08:30:00," Quebrada Sonadora",,6.23032106713168,Good,,
2019-06-27 08:45:00," Quebrada Sonadora",,6.17196379316431,Good,,
2019-06-27 09:00:00," Quebrada Sonadora",,6.16551404022096,Good,,
2019-06-27 09:15:00," Quebrada Sonadora",,6.12695935322893,Good,,
2019-06-27 09:30:00," Quebrada Sonadora",,6.04110798964052,Good,,
2019-06-27 09:45:00," Quebrada Sonadora",,6.1365749425554,Good,,
2019-06-27 10:00:00," Quebrada Sonadora",,6.17196379316431,Good,,
2019-06-27 10:15:00," Quebrada Sonadora",,6.06324703441396,Good,,
2019-06-27 10:30:00," Quebrada Sonadora",,6.18165129313002,Good,,
2019-06-27 10:45:00," Quebrada Sonadora",,6.17519124307483,Good,,
2019-06-27 11:00:00," Quebrada Sonadora",,6.1590711453062,Good,,
2019-06-27 11:15:00," Quebrada Sonadora",,6.12695935322893,Good,,
2019-06-27 11:30:00," Quebrada Sonadora",,6.0822893783112,Good,,
2019-06-27 11:45:00," Quebrada Sonadora",,6.10458267270758,Good,,
2019-06-27 12:00:00," Quebrada Sonadora",,6.1590711453062,Good,,
2019-06-27 12:15:00," Quebrada Sonadora",,6.09501820655055,Good,,
2019-06-27 12:30:00," Quebrada Sonadora",,6.09501820655055,Good,,
2019-06-27 12:45:00," Quebrada Sonadora",,6.08546903810077,Good,,
2019-06-27 13:00:00," Quebrada Sonadora",,6.06958770307142,Good,,
2019-06-27 13:15:00," Quebrada Sonadora",,6.13978355503627,Good,,
2019-06-27 13:30:00," Quebrada Sonadora",,6.05691313791243,Good,,
2019-06-27 13:45:00," Quebrada Sonadora",,6.1141624546828,Good,,
2019-06-27 14:00:00," Quebrada Sonadora",,6.13657494255528,Good,,
2019-06-27 14:15:00," Quebrada Sonadora",,6.07911141558407,Good,,
2019-06-27 14:30:00," Quebrada Sonadora",,6.00648511991704,Good,,
2019-06-27 14:45:00," Quebrada Sonadora",,6.09820466129662,Good,,
2019-06-27 15:00:00," Quebrada Sonadora",,6.07276057863481,Good,,
2019-06-27 15:15:00," Quebrada Sonadora",,6.14299387665511,Good,,
2019-06-27 15:30:00," Quebrada Sonadora",,6.06958770307131,Good,,
2019-06-27 15:45:00," Quebrada Sonadora",,6.04742497921882,Good,,
2019-06-27 16:00:00," Quebrada Sonadora",,6.09820466129662,Good,,
2019-06-27 16:15:00," Quebrada Sonadora",,6.11735912198696,Good,,
2019-06-27 16:30:00," Quebrada Sonadora",,6.01276503224216,Good,,
2019-06-27 16:45:00," Quebrada Sonadora",,6.01905167382205,Good,,
2019-06-27 17:00:00," Quebrada Sonadora",,6.02219751975787,Good,,
2019-06-27 17:15:00," Quebrada Sonadora",,6.02849426527251,Good,,
2019-06-27 17:30:00," Quebrada Sonadora",,6.06958770307142,Good,,
2019-06-27 17:45:00," Quebrada Sonadora",,6.04426563992149,Good,,
2019-06-27 18:00:00," Quebrada Sonadora",,6.06958770307142,Good,,
2019-06-27 18:15:00," Quebrada Sonadora",,6.0505860082028,Good,,
2019-06-27 18:30:00," Quebrada Sonadora",,6.02849426527251,Good,,
2019-06-27 18:45:00," Quebrada Sonadora",,6.00648511991704,Good,,
2019-06-27 19:00:00," Quebrada Sonadora",,6.02534505001796,Good,,
2019-06-27 19:15:00," Quebrada Sonadora",,5.93784868217534,Good,,
2019-06-27 19:30:00," Quebrada Sonadora",,5.97830864524894,Good,,
2019-06-27 19:45:00," Quebrada Sonadora",,6.05691313791243,Good,,
2019-06-27 20:00:00," Quebrada Sonadora",,5.9689466601269,Good,,
2019-06-27 20:15:00," Quebrada Sonadora",,5.97830864524894,Good,,
2019-06-27 20:30:00," Quebrada Sonadora",,5.96894666012685,Good,,
2019-06-27 20:45:00," Quebrada Sonadora",,6.01590751154021,Good,,
2019-06-27 21:00:00," Quebrada Sonadora",,5.96271370249792,Good,,
2019-06-27 21:15:00," Quebrada Sonadora",,6.00021193148575,Good,,
2019-06-27 21:30:00," Quebrada Sonadora",,5.99394546158754,Good,,
2019-06-27 21:45:00," Quebrada Sonadora",,5.95026784101361,Good,,
2019-06-27 22:00:00," Quebrada Sonadora",,5.92855181087668,Good,,
2019-06-27 22:15:00," Quebrada Sonadora",,5.92855181087668,Good,,
2019-06-27 22:30:00," Quebrada Sonadora",,5.93474805973187,Good,,
2019-06-27 22:45:00," Quebrada Sonadora",,6.03479775344601,Good,,
2019-06-27 23:00:00," Quebrada Sonadora",,6.16551404022096,Good,,
2019-06-27 23:15:00," Quebrada Sonadora",,6.14299387665511,Good,,
2019-06-27 23:30:00," Quebrada Sonadora",,6.14941964999099,Good,,
2019-06-27 23:45:00," Quebrada Sonadora",,6.10777423071397,Good,,
2019-06-28 00:00:00," Quebrada Sonadora",,6.16873805910353,Good,,
2019-06-28 00:15:00," Quebrada Sonadora",,6.10458267270758,Good,,
2019-06-28 00:30:00," Quebrada Sonadora",,6.16873805910353,Good,,
2019-06-28 00:45:00," Quebrada Sonadora",,6.20107269350717,Good,,
2019-06-28 01:00:00," Quebrada Sonadora",,6.17519124307483,Good,,
2019-06-28 01:15:00," Quebrada Sonadora",,6.19783149263077,Good,,
2019-06-28 01:30:00," Quebrada Sonadora",,6.17196379316442,Good,,
2019-06-28 01:45:00," Quebrada Sonadora",,6.21080663017614,Good,,
2019-06-28 02:00:00," Quebrada Sonadora",,6.20756026160836,Good,,
2019-06-28 02:15:00," Quebrada Sonadora",,6.20756026160848,Good,,
2019-06-28 02:30:00," Quebrada Sonadora",,6.26298343531465,Good,,
2019-06-28 02:45:00," Quebrada Sonadora",,6.26298343531465,Good,,
2019-06-28 03:00:00," Quebrada Sonadora",,6.24010160368653,Good,,
2019-06-28 03:15:00," Quebrada Sonadora",,6.24663061002957,Good,,
2019-06-28 03:30:00," Quebrada Sonadora",,6.31890792442783,Good,,
2019-06-28 03:45:00," Quebrada Sonadora",,6.26298343531477,Good,,
2019-06-28 04:00:00," Quebrada Sonadora",,6.38534774002676,Good,,
2019-06-28 04:15:00," Quebrada Sonadora",,6.3920303425017,Good,,
2019-06-28 04:30:00," Quebrada Sonadora",,6.33876628893233,Good,,
2019-06-28 04:45:00," Quebrada Sonadora",,6.36867201387895,Good,,
2019-06-28 05:00:00," Quebrada Sonadora",,6.36534213984584,Good,,
2019-06-28 05:15:00," Quebrada Sonadora",,6.32221328272055,Good,,
2019-06-28 05:30:00," Quebrada Sonadora",,6.45249136879045,Good,,
2019-06-28 05:45:00," Quebrada Sonadora",,6.37200364408073,Good,,
2019-06-28 06:00:00," Quebrada Sonadora",,6.43227405949546,Good,,
2019-06-28 06:15:00," Quebrada Sonadora",,6.48293705517443,Good,,
2019-06-28 06:30:00," Quebrada Sonadora",,6.47615891100503,Good,,
2019-06-28 06:45:00," Quebrada Sonadora",,6.48293705517432,Good,,
2019-06-28 07:00:00," Quebrada Sonadora",,6.59580785677116,Good,,
2019-06-28 07:15:00," Quebrada Sonadora",,6.46262394974781,Good,,
2019-06-28 07:30:00," Quebrada Sonadora",,6.5923588310493,Good,,
2019-06-28 07:45:00," Quebrada Sonadora",,6.56139854631891,Good,,
2019-06-28 08:00:00," Quebrada Sonadora",,6.57858072756738,Good,,
2019-06-28 08:15:00," Quebrada Sonadora",,6.66168235910902,Good,,
2019-06-28 08:30:00," Quebrada Sonadora",,6.58546618077554,Good,,
2019-06-28 08:45:00," Quebrada Sonadora",,6.60271131275624,Good,,
2019-06-28 09:00:00," Quebrada Sonadora",,6.56483139077659,Good,,
2019-06-28 09:15:00," Quebrada Sonadora",,6.65123770214257,Good,,
2019-06-28 09:30:00," Quebrada Sonadora",,6.57514069817751,Good,,
2019-06-28 09:45:00," Quebrada Sonadora",,6.65123770214257,Good,,
2019-06-28 10:00:00," Quebrada Sonadora",,6.57170246603192,Good,,
2019-06-28 10:15:00," Quebrada Sonadora",,6.63039729613638,Good,,
2019-06-28 10:30:00," Quebrada Sonadora",,6.63386617312256,Good,,
2019-06-28 10:45:00," Quebrada Sonadora",,6.64080935388904,Good,,
2019-06-28 11:00:00," Quebrada Sonadora",,6.64775977487835,Good,,
2019-06-28 11:15:00," Quebrada Sonadora",,6.64428365901864,Good,,
2019-06-28 11:30:00," Quebrada Sonadora",,6.73173152869657,Good,,
2019-06-28 11:45:00," Quebrada Sonadora",,6.62346496558615,Good,,
2019-06-28 12:00:00," Quebrada Sonadora",,6.80251173881589,Good,,
2019-06-28 12:15:00," Quebrada Sonadora",,6.80251173881601,Good,,
2019-06-28 12:30:00," Quebrada Sonadora",,6.81319215648494,Good,,
2019-06-28 12:45:00," Quebrada Sonadora",,6.84175441771845,Good,,
2019-06-28 13:00:00," Quebrada Sonadora",,6.85249574800577,Good,,
2019-06-28 13:15:00," Quebrada Sonadora",,6.94628689506737,Good,,
2019-06-28 13:30:00," Quebrada Sonadora",,6.92091169526879,Good,,
2019-06-28 13:45:00," Quebrada Sonadora",,6.97539922584264,Good,,
2019-06-28 14:00:00," Quebrada Sonadora",,7.00463146452506,Good,,
2019-06-28 14:15:00," Quebrada Sonadora",,6.97175363413709,Good,,
2019-06-28 14:30:00," Quebrada Sonadora",,6.8668434328207,Good,,
2019-06-28 14:45:00," Quebrada Sonadora",,6.87043498551253,Good,,
2019-06-28 15:00:00," Quebrada Sonadora",,6.96082809361934,Good,,
2019-06-28 15:15:00," Quebrada Sonadora",,6.81675598107518,Good,,
2019-06-28 15:30:00," Quebrada Sonadora",,6.87402839215139,Good,,
2019-06-28 15:45:00," Quebrada Sonadora",,6.84175441771851,Good,,
2019-06-28 16:00:00," Quebrada Sonadora",,6.88842057169973,Good,,
2019-06-28 16:15:00," Quebrada Sonadora",,6.89202325821526,Good,,
2019-06-28 16:30:00," Quebrada Sonadora",,6.96810991531578,Good,,
2019-06-28 16:45:00," Quebrada Sonadora",,6.9608280936194,Good,,
2019-06-28 17:00:00," Quebrada Sonadora",,6.93540061407839,Good,,
2019-06-28 17:15:00," Quebrada Sonadora",,6.85249574800577,Good,,
2019-06-28 17:30:00," Quebrada Sonadora",,6.88122076997502,Good,,
2019-06-28 17:45:00," Quebrada Sonadora",,6.83817767227021,Good,,
2019-06-28 18:00:00," Quebrada Sonadora",,6.9136784190502,Good,,
2019-06-28 18:15:00," Quebrada Sonadora",,6.83817767227021,Good,,
2019-06-28 18:30:00," Quebrada Sonadora",,6.88842057169973,Good,,
2019-06-28 18:45:00," Quebrada Sonadora",,6.92091169526879,Good,,
2019-06-28 19:00:00," Quebrada Sonadora",,6.8812207699749,Good,,
2019-06-28 19:15:00," Quebrada Sonadora",,6.88122076997502,Good,,
2019-06-28 19:30:00," Quebrada Sonadora",,6.88481974251164,Good,,
2019-06-28 19:45:00," Quebrada Sonadora",,6.88481974251164,Good,,
2019-06-28 20:00:00," Quebrada Sonadora",,6.88481974251164,Good,,
2019-06-28 20:15:00," Quebrada Sonadora",,6.83102972429032,Good,,
2019-06-28 20:30:00," Quebrada Sonadora",,6.777655171486,Good,,
2019-06-28 20:45:00," Quebrada Sonadora",,6.82032164947509,Good,,
2019-06-28 21:00:00," Quebrada Sonadora",,6.78829695427362,Good,,
2019-06-28 21:15:00," Quebrada Sonadora",,6.78120059513577,Good,,
2019-06-28 21:30:00," Quebrada Sonadora",,6.81675598107518,Good,,
2019-06-28 21:45:00," Quebrada Sonadora",,6.74935783519709,Good,,
2019-06-28 22:00:00," Quebrada Sonadora",,6.65819899358337,Good,,
2019-06-28 22:15:00," Quebrada Sonadora",,6.7458289146449,Good,,
2019-06-28 22:30:00," Quebrada Sonadora",,6.7705698326476,Good,,
2019-06-28 22:45:00," Quebrada Sonadora",,6.70362443842436,Good,,
2019-06-28 23:00:00," Quebrada Sonadora",,6.7458289146449,Good,,
2019-06-28 23:15:00," Quebrada Sonadora",,6.71064026429025,Good,,
2019-06-28 23:30:00," Quebrada Sonadora",,6.74230182439396,Good,,
2019-06-28 23:45:00," Quebrada Sonadora",,6.66168235910902,Good,,
2019-06-29 00:00:00," Quebrada Sonadora",,6.6165398617693,Good,,
2019-06-29 00:15:00," Quebrada Sonadora",,6.48293705517455,Good,,
2019-06-29 00:30:00," Quebrada Sonadora",,6.53058361998887,Good,,
2019-06-29 00:45:00," Quebrada Sonadora",,6.5374188447189,Good,,
2019-06-29 01:00:00," Quebrada Sonadora",,6.54426122877163,Good,,
2019-06-29 01:15:00," Quebrada Sonadora",,6.57514069817756,Good,,
2019-06-29 01:30:00," Quebrada Sonadora",,6.57514069817751,Good,,
2019-06-29 01:45:00," Quebrada Sonadora",,6.54083914149305,Good,,
2019-06-29 02:00:00," Quebrada Sonadora",,6.41547495413926,Good,,
2019-06-29 02:15:00," Quebrada Sonadora",,6.47954709390029,Good,,
2019-06-29 02:30:00," Quebrada Sonadora",,6.42891070320962,Good,,
2019-06-29 02:45:00," Quebrada Sonadora",,6.4188312413421,Good,,
2019-06-29 03:00:00," Quebrada Sonadora",,6.39537428471925,Good,,
2019-06-29 03:15:00," Quebrada Sonadora",,6.32882924023852,Good,,
2019-06-29 03:30:00," Quebrada Sonadora",,6.33545219014889,Good,,
2019-06-29 03:45:00," Quebrada Sonadora",,6.335452190149,Good,,
2019-06-29 04:00:00," Quebrada Sonadora",,6.40876767582483,Good,,
2019-06-29 04:15:00," Quebrada Sonadora",,6.37533703112354,Good,,
2019-06-29 04:30:00," Quebrada Sonadora",,6.31560431221629,Good,,
2019-06-29 04:45:00," Quebrada Sonadora",,6.39537428471925,Good,,
2019-06-29 05:00:00," Quebrada Sonadora",,6.36534213984572,Good,,
2019-06-29 05:15:00," Quebrada Sonadora",,6.31230244541337,Good,,
2019-06-29 05:30:00," Quebrada Sonadora",,6.27937962697206,Good,,
2019-06-29 05:45:00," Quebrada Sonadora",,6.29252786053263,Good,,
2019-06-29 06:00:00," Quebrada Sonadora",,6.27609691529898,Good,,
2019-06-29 06:15:00," Quebrada Sonadora",,6.31230244541325,Good,,
2019-06-29 06:30:00," Quebrada Sonadora",,6.24663061002946,Good,,
2019-06-29 06:45:00," Quebrada Sonadora",,6.2140547226507,Good,,
2019-06-29 07:00:00," Quebrada Sonadora",,6.22055608200651,Good,,
2019-06-29 07:15:00," Quebrada Sonadora",,6.24663061002957,Good,,
2019-06-29 07:30:00," Quebrada Sonadora",,6.2433652415462,Good,,
2019-06-29 07:45:00," Quebrada Sonadora",,6.09820466129662,Good,,
2019-06-29 08:00:00," Quebrada Sonadora",,6.15585226793127,Good,,
2019-06-29 08:15:00," Quebrada Sonadora",,6.19459201297479,Good,,
2019-06-29 08:30:00," Quebrada Sonadora",,6.14299387665511,Good,,
2019-06-29 08:45:00," Quebrada Sonadora",,6.1590711453062,Good,,
2019-06-29 09:00:00," Quebrada Sonadora",,6.08865039562323,Good,,
2019-06-29 09:15:00," Quebrada Sonadora",,6.13657494255528,Good,,
2019-06-29 09:30:00," Quebrada Sonadora",,6.09820466129662,Good,,
2019-06-29 09:45:00," Quebrada Sonadora",,6.0127650322421,Good,,
2019-06-29 10:00:00," Quebrada Sonadora",,6.09183345154963,Good,,
2019-06-29 10:15:00," Quebrada Sonadora",,6.03795202770539,Good,,
2019-06-29 10:30:00," Quebrada Sonadora",,6.02849426527251,Good,,
2019-06-29 10:45:00," Quebrada Sonadora",,6.08546903810077,Good,,
2019-06-29 11:00:00," Quebrada Sonadora",,6.02219751975787,Good,,
2019-06-29 11:15:00," Quebrada Sonadora",,6.05691313791243,Good,,
2019-06-29 11:30:00," Quebrada Sonadora",,6.0664165218879,Good,,
2019-06-29 11:45:00," Quebrada Sonadora",,5.96582934518051,Good,,
2019-06-29 12:00:00," Quebrada Sonadora",,5.96582934518051,Good,,
2019-06-29 12:15:00," Quebrada Sonadora",,5.96271370249815,Good,,
2019-06-29 12:30:00," Quebrada Sonadora",,5.91000298436177,Good,,
2019-06-29 12:45:00," Quebrada Sonadora",,5.90075099299514,Good,,
2019-06-29 13:00:00," Quebrada Sonadora",,5.94716054960537,Good,,
2019-06-29 13:15:00," Quebrada Sonadora",,6.00021193148581,Good,,
2019-06-29 13:30:00," Quebrada Sonadora",,5.94095097085585,Good,,
2019-06-29 13:45:00," Quebrada Sonadora",,6.00021193148575,Good,,
2019-06-29 14:00:00," Quebrada Sonadora",,5.9689466601269,Good,,
2019-06-29 14:15:00," Quebrada Sonadora",,5.94716054960537,Good,,
2019-06-29 14:30:00," Quebrada Sonadora",,6.00021193148581,Good,,
2019-06-29 14:45:00," Quebrada Sonadora",,5.9689466601269,Good,,
2019-06-29 15:00:00," Quebrada Sonadora",,5.94716054960537,Good,,
2019-06-29 15:15:00," Quebrada Sonadora",,6.02219751975792,Good,,
2019-06-29 15:30:00," Quebrada Sonadora",,5.88843821622874,Good,,
2019-06-29 15:45:00," Quebrada Sonadora",,5.93474805973187,Good,,
2019-06-29 16:00:00," Quebrada Sonadora",,5.84860440555894,Good,,
2019-06-29 16:15:00," Quebrada Sonadora",,5.83031352805017,Good,,
2019-06-29 16:30:00," Quebrada Sonadora",,5.87308448959135,Good,,
2019-06-29 16:45:00," Quebrada Sonadora",,5.84555181280592,Good,,
2019-06-29 17:00:00," Quebrada Sonadora",,5.80904890889741,Good,,
2019-06-29 17:15:00," Quebrada Sonadora",,5.78786455831312,Good,,
2019-06-29 17:30:00," Quebrada Sonadora",,5.71583873526657,Good,,
2019-06-29 17:45:00," Quebrada Sonadora",,5.76676024698332,Good,,
2019-06-29 18:00:00," Quebrada Sonadora",,5.77278189631835,Good,,
2019-06-29 18:15:00," Quebrada Sonadora",,5.79693375161168,Good,,
2019-06-29 18:30:00," Quebrada Sonadora",,5.80298805666121,Good,,
2019-06-29 18:45:00," Quebrada Sonadora",,5.73076698099203,Good,,
2019-06-29 19:00:00," Quebrada Sonadora",,5.79996008607242,Good,,
2019-06-29 19:15:00," Quebrada Sonadora",,5.74873436820093,Good,,
2019-06-29 19:30:00," Quebrada Sonadora",,5.79088598840059,Good,,
2019-06-29 19:45:00," Quebrada Sonadora",,5.70095092497513,Good,,
2019-06-29 20:00:00," Quebrada Sonadora",,5.70095092497513,Good,,
2019-06-29 20:15:00," Quebrada Sonadora",,5.68017576314656,Good,,
2019-06-29 20:30:00," Quebrada Sonadora",,5.68906973415324,Good,,
2019-06-29 20:45:00," Quebrada Sonadora",,5.71882114690516,Good,,
2019-06-29 21:00:00," Quebrada Sonadora",,5.65063370312595,Good,,
2019-06-29 21:15:00," Quebrada Sonadora",,5.76676024698321,Good,,
2019-06-29 21:30:00," Quebrada Sonadora",,5.68017576314651,Good,,
2019-06-29 21:45:00," Quebrada Sonadora",,5.67425449727432,Good,,
2019-06-29 22:00:00," Quebrada Sonadora",,5.65358068583612,Good,,
2019-06-29 22:15:00," Quebrada Sonadora",,5.65947946211224,Good,,
2019-06-29 22:30:00," Quebrada Sonadora",,5.69500710407925,Good,,
2019-06-29 22:45:00," Quebrada Sonadora",,5.64474454522355,Good,,
2019-06-29 23:00:00," Quebrada Sonadora",,5.66538465731185,Good,,
2019-06-29 23:15:00," Quebrada Sonadora",,5.64180236869635,Good,,
2019-06-29 23:30:00," Quebrada Sonadora",,5.63886179289597,Good,,
2019-06-29 23:45:00," Quebrada Sonadora",,5.55717285660791,Good,,
2019-06-30 00:00:00," Quebrada Sonadora",,5.67129627677502,Good,,
2019-06-30 00:15:00," Quebrada Sonadora",,5.64768832314411,Good,,
2019-06-30 00:30:00," Quebrada Sonadora",,5.65652927194247,Good,,
2019-06-30 00:45:00," Quebrada Sonadora",,5.63592281715427,Good,,
2019-06-30 01:00:00," Quebrada Sonadora",,5.60662091618627,Good,,
2019-06-30 01:15:00," Quebrada Sonadora",,5.63886179289585,Good,,
2019-06-30 01:30:00," Quebrada Sonadora",,5.61832252657615,Good,,
2019-06-30 01:45:00," Quebrada Sonadora",,5.65063370312595,Good,,
2019-06-30 02:00:00," Quebrada Sonadora",,5.62418290143216,Good,,
2019-06-30 02:15:00," Quebrada Sonadora",,5.61832252657615,Good,,
2019-06-30 02:30:00," Quebrada Sonadora",,5.64768832314422,Good,,
2019-06-30 02:45:00," Quebrada Sonadora",,5.5978614342867,Good,,
2019-06-30 03:00:00," Quebrada Sonadora",,5.62711548361051,Good,,
2019-06-30 03:15:00," Quebrada Sonadora",,5.5978614342867,Good,,
2019-06-30 03:30:00," Quebrada Sonadora",,5.62125191597642,Good,,
2019-06-30 03:45:00," Quebrada Sonadora",,5.58911626885509,Good,,
2019-06-30 04:00:00," Quebrada Sonadora",,5.61246853327322,Good,,
2019-06-30 04:15:00," Quebrada Sonadora",,5.57457275859889,Good,,
2019-06-30 04:30:00," Quebrada Sonadora",,5.51966817764696,Good,,
2019-06-30 04:45:00," Quebrada Sonadora",,5.60369949705597,Good,,
2019-06-30 05:00:00," Quebrada Sonadora",,5.60369949705597,Good,,
2019-06-30 05:15:00," Quebrada Sonadora",,5.5832941032678,Good,,
2019-06-30 05:30:00," Quebrada Sonadora",,5.64768832314411,Good,,
2019-06-30 05:45:00," Quebrada Sonadora",,5.56006888292694,Good,,
2019-06-30 06:00:00," Quebrada Sonadora",,5.50244805937513,Good,,
2019-06-30 06:15:00," Quebrada Sonadora",,5.48814110671964,Good,,
2019-06-30 06:30:00," Quebrada Sonadora",,5.50244805937507,Good,,
2019-06-30 06:45:00," Quebrada Sonadora",,5.46817710068444,Good,,
2019-06-30 07:00:00," Quebrada Sonadora",,5.51392185445968,Good,,
2019-06-30 07:15:00," Quebrada Sonadora",,5.53694491376081,Good,,
2019-06-30 07:30:00," Quebrada Sonadora",,5.52254369798391,Good,,
2019-06-30 07:45:00," Quebrada Sonadora",,5.49385918695185,Good,,
2019-06-30 08:00:00," Quebrada Sonadora",,5.48242928804245,Good,,
2019-06-30 08:15:00," Quebrada Sonadora",,5.53117970196587,Good,,
2019-06-30 08:30:00," Quebrada Sonadora",,5.51679423002753,Good,,
2019-06-30 08:45:00," Quebrada Sonadora",,5.56296649129553,Good,,
2019-06-30 09:00:00," Quebrada Sonadora",,5.45680344787041,Good,,
2019-06-30 09:15:00," Quebrada Sonadora",,5.55717285660796,Good,,
2019-06-30 09:30:00," Quebrada Sonadora",,5.51392185445968,Good,,
2019-06-30 09:45:00," Quebrada Sonadora",,5.48528441501952,Good,,
2019-06-30 10:00:00," Quebrada Sonadora",,5.49385918695185,Good,,
2019-06-30 10:15:00," Quebrada Sonadora",,5.49385918695185,Good,,
2019-06-30 10:30:00," Quebrada Sonadora",,5.48528441501958,Good,,
2019-06-30 10:45:00," Quebrada Sonadora",,5.45396393148854,Good,,
2019-06-30 11:00:00," Quebrada Sonadora",,5.46533134805617,Good,,
2019-06-30 11:15:00," Quebrada Sonadora",,5.50818181681251,Good,,
2019-06-30 11:30:00," Quebrada Sonadora",,5.43413088663931,Good,,
2019-06-30 11:45:00," Quebrada Sonadora",,5.46248715548836,Good,,
2019-06-30 12:00:00," Quebrada Sonadora",,5.42847828700997,Good,,
2019-06-30 12:15:00," Quebrada Sonadora",,5.43695951522562,Good,,
2019-06-30 12:30:00," Quebrada Sonadora",,5.47387328878625,Good,,
2019-06-30 12:45:00," Quebrada Sonadora",,5.46533134805617,Good,,
2019-06-30 13:00:00," Quebrada Sonadora",,5.38908354878055,Good,,
2019-06-30 13:15:00," Quebrada Sonadora",,5.44262143327035,Good,,
2019-06-30 13:30:00," Quebrada Sonadora",,5.3527733958461,Good,,
2019-06-30 13:45:00," Quebrada Sonadora",,5.41155770054081,Good,,
2019-06-30 14:00:00," Quebrada Sonadora",,5.42847828701008,Good,,
2019-06-30 14:15:00," Quebrada Sonadora",,5.42001102143882,Good,,
2019-06-30 14:30:00," Quebrada Sonadora",,5.38628122619269,Good,,
2019-06-30 14:45:00," Quebrada Sonadora",,5.41719169928564,Good,,
2019-06-30 15:00:00," Quebrada Sonadora",,5.43978969721411,Good,,
2019-06-30 15:15:00," Quebrada Sonadora",,5.3694996372576,Good,,
2019-06-30 15:30:00," Quebrada Sonadora",,5.3167223944086,Good,,
2019-06-30 15:45:00," Quebrada Sonadora",,5.33055758847564,Good,,
2019-06-30 16:00:00," Quebrada Sonadora",,5.29466533877604,Good,,
2019-06-30 16:15:00," Quebrada Sonadora",,5.28367329973935,Good,,
2019-06-30 16:30:00," Quebrada Sonadora",,5.30568168948753,Good,,
2019-06-30 16:45:00," Quebrada Sonadora",,5.35555726526729,Good,,
2019-06-30 17:00:00," Quebrada Sonadora",,5.34443098556579,Good,,
2019-06-30 17:15:00," Quebrada Sonadora",,5.35834266879391,Good,,
2019-06-30 17:30:00," Quebrada Sonadora",,5.36112960709107,Good,,
2019-06-30 17:45:00," Quebrada Sonadora",,5.31395993264476,Good,,
2019-06-30 18:00:00," Quebrada Sonadora",,5.39749977173256,Good,,
2019-06-30 18:15:00," Quebrada Sonadora",,5.36670809065782,Good,,
2019-06-30 18:30:00," Quebrada Sonadora",,5.34721025666056,Good,,
2019-06-30 18:45:00," Quebrada Sonadora",,5.34721025666056,Good,,
2019-06-30 19:00:00," Quebrada Sonadora",,5.32778749607979,Good,,
2019-06-30 19:15:00," Quebrada Sonadora",,5.37229272128855,Good,,
2019-06-30 19:30:00," Quebrada Sonadora",,5.36670809065782,Good,,
2019-06-30 19:45:00," Quebrada Sonadora",,5.40030826666435,Good,,
2019-06-30 20:00:00," Quebrada Sonadora",,5.36670809065782,Good,,
2019-06-30 20:15:00," Quebrada Sonadora",,5.32501893113994,Good,,
2019-06-30 20:30:00," Quebrada Sonadora",,5.33610235829491,Good,,
2019-06-30 20:45:00," Quebrada Sonadora",,5.31395993264476,Good,,
2019-06-30 21:00:00," Quebrada Sonadora",,5.3167223944086,Good,,
2019-06-30 21:15:00," Quebrada Sonadora",,5.3167223944086,Good,,
2019-06-30 21:30:00," Quebrada Sonadora",,5.33887703704795,Good,,
2019-06-30 21:45:00," Quebrada Sonadora",,5.27818638380836,Good,,
2019-06-30 22:00:00," Quebrada Sonadora",,5.30568168948759,Good,,
2019-06-30 22:15:00," Quebrada Sonadora",,5.29741714557304,Good,,
2019-06-30 22:30:00," Quebrada Sonadora",,5.30292532026408,Good,,
2019-06-30 22:45:00," Quebrada Sonadora",,5.32501893113994,Good,,
2019-06-30 23:00:00," Quebrada Sonadora",,5.35834266879397,Good,,
2019-06-30 23:15:00," Quebrada Sonadora",,5.3305575884757,Good,,
2019-06-30 23:30:00," Quebrada Sonadora",,5.37229272128849,Good,,
2019-06-30 23:45:00," Quebrada Sonadora",,5.3305575884757,Good,,
2019-07-01 00:00:00," Quebrada Sonadora",,5.36112960709107,Good,,
2019-07-01 00:15:00," Quebrada Sonadora",,5.36112960709107,Good,,
2019-07-01 00:30:00," Quebrada Sonadora",,5.33332920899232,Good,,
2019-07-01 00:45:00," Quebrada Sonadora",,5.34443098556585,Good,,
2019-07-01 01:00:00," Quebrada Sonadora",,5.34721025666062,Good,,
2019-07-01 01:15:00," Quebrada Sonadora",,5.31672239440854,Good,,
2019-07-01 01:30:00," Quebrada Sonadora",,5.34165324591663,Good,,
2019-07-01 01:45:00," Quebrada Sonadora",,5.30843958084887,Good,,
2019-07-01 02:00:00," Quebrada Sonadora",,5.31119899501306,Good,,
2019-07-01 02:15:00," Quebrada Sonadora",,5.29741714557304,Good,,
2019-07-01 02:30:00," Quebrada Sonadora",,5.28092908369536,Good,,
2019-07-01 02:45:00," Quebrada Sonadora",,5.28916628295661,Good,,
2019-07-01 03:00:00," Quebrada Sonadora",,5.31395993264465,Good,,
2019-07-01 03:15:00," Quebrada Sonadora",,5.31948638096907,Good,,
2019-07-01 03:30:00," Quebrada Sonadora",,5.27270552984817,Good,,
2019-07-01 03:45:00," Quebrada Sonadora",,5.31948638096907,Good,,
2019-07-01 04:00:00," Quebrada Sonadora",,5.31395993264476,Good,,
2019-07-01 04:15:00," Quebrada Sonadora",,5.25902988118912,Good,,
2019-07-01 04:30:00," Quebrada Sonadora",,5.26449560347589,Good,,
2019-07-01 04:45:00," Quebrada Sonadora",,5.32501893113994,Good,,
2019-07-01 05:00:00," Quebrada Sonadora",,5.30292532026408,Good,,
2019-07-01 05:15:00," Quebrada Sonadora",,5.30568168948759,Good,,
2019-07-01 05:30:00," Quebrada Sonadora",,5.29741714557304,Good,,
2019-07-01 05:45:00," Quebrada Sonadora",,5.30568168948753,Good,,
2019-07-01 06:00:00," Quebrada Sonadora",,5.30568168948753,Good,,
2019-07-01 06:15:00," Quebrada Sonadora",,5.25357020227119,Good,,
2019-07-01 06:30:00," Quebrada Sonadora",,5.32778749607979,Good,,
2019-07-01 06:45:00," Quebrada Sonadora",,5.31948638096907,Good,,
2019-07-01 07:00:00," Quebrada Sonadora",,5.31395993264465,Good,,
2019-07-01 07:15:00," Quebrada Sonadora",,5.26176198657902,Good,,
2019-07-01 07:30:00," Quebrada Sonadora",,5.26449560347584,Good,,
2019-07-01 07:45:00," Quebrada Sonadora",,5.32778749607979,Good,,
2019-07-01 08:00:00," Quebrada Sonadora",,5.28367329973929,Good,,
2019-07-01 08:15:00," Quebrada Sonadora",,5.32501893113994,Good,,
2019-07-01 08:30:00," Quebrada Sonadora",,5.29741714557304,Good,,
2019-07-01 08:45:00," Quebrada Sonadora",,5.29741714557304,Good,,
2019-07-01 09:00:00," Quebrada Sonadora",,5.25902988118912,Good,,
2019-07-01 09:15:00," Quebrada Sonadora",,5.26176198657902,Good,,
2019-07-01 09:30:00," Quebrada Sonadora",,5.27544519941398,Good,,
2019-07-01 09:45:00," Quebrada Sonadora",,5.23450884087362,Good,,
2019-07-01 10:00:00," Quebrada Sonadora",,5.23994740984443,Good,,
2019-07-01 10:15:00," Quebrada Sonadora",,5.19930462950367,Good,,
2019-07-01 10:30:00," Quebrada Sonadora",,5.23994740984443,Good,,
2019-07-01 10:45:00," Quebrada Sonadora",,5.27270552984817,Good,,
2019-07-01 11:00:00," Quebrada Sonadora",,5.2345088408735,Good,,
2019-07-01 11:15:00," Quebrada Sonadora",,5.23179181401713,Good,,
2019-07-01 11:30:00," Quebrada Sonadora",,5.19391107700551,Good,,
2019-07-01 11:45:00," Quebrada Sonadora",,5.19391107700551,Good,,
2019-07-01 12:00:00," Quebrada Sonadora",,5.27544519941398,Good,,
2019-07-01 12:15:00," Quebrada Sonadora",,5.20200364977183,Good,,
2019-07-01 12:30:00," Quebrada Sonadora",,5.20200364977183,Good,,
2019-07-01 12:45:00," Quebrada Sonadora",,5.18583195839716,Good,,
2019-07-01 13:00:00," Quebrada Sonadora",,5.16435328172247,Good,,
2019-07-01 13:15:00," Quebrada Sonadora",,5.19660710546941,Good,,
2019-07-01 13:30:00," Quebrada Sonadora",,5.19660710546947,Good,,
2019-07-01 13:45:00," Quebrada Sonadora",,5.14030355548653,Good,,
2019-07-01 14:00:00," Quebrada Sonadora",,5.18583195839716,Good,,
2019-07-01 14:15:00," Quebrada Sonadora",,5.16167514833643,Good,,
2019-07-01 14:30:00," Quebrada Sonadora",,5.16971401197924,Good,,
2019-07-01 14:45:00," Quebrada Sonadora",,5.16435328172247,Good,,
2019-07-01 15:00:00," Quebrada Sonadora",,5.19660710546947,Good,,
2019-07-01 15:15:00," Quebrada Sonadora",,5.14296981189966,Good,,
2019-07-01 15:30:00," Quebrada Sonadora",,5.15632334173085,Good,,
2019-07-01 15:45:00," Quebrada Sonadora",,5.10048713430996,Good,,
2019-07-01 16:00:00," Quebrada Sonadora",,5.12168120928021,Good,,
2019-07-01 16:15:00," Quebrada Sonadora",,5.10577680965139,Good,,
2019-07-01 16:30:00," Quebrada Sonadora",,5.08201959405898,Good,,
2019-07-01 16:45:00," Quebrada Sonadora",,5.04529994268609,Good,,
2019-07-01 17:00:00," Quebrada Sonadora",,5.11637384183246,Good,,
2019-07-01 17:15:00," Quebrada Sonadora",,5.08992543860785,Good,,
2019-07-01 17:30:00," Quebrada Sonadora",,5.13231367341388,Good,,
2019-07-01 17:45:00," Quebrada Sonadora",,5.09520334572983,Good,,
2019-07-01 18:00:00," Quebrada Sonadora",,5.0846534076411,Good,,
2019-07-01 18:15:00," Quebrada Sonadora",,5.1137223719424,Good,,
2019-07-01 18:30:00," Quebrada Sonadora",,5.02965052169077,Good,,
2019-07-01 18:45:00," Quebrada Sonadora",,5.06887251865038,Good,,
2019-07-01 19:00:00," Quebrada Sonadora",,5.1429698118996,Good,,
2019-07-01 19:15:00," Quebrada Sonadora",,5.12965333956805,Good,,
2019-07-01 19:30:00," Quebrada Sonadora",,5.09784450450627,Good,,
2019-07-01 19:45:00," Quebrada Sonadora",,5.07938724752722,Good,,
2019-07-01 20:00:00," Quebrada Sonadora",,5.07149900360747,Good,,
2019-07-01 20:15:00," Quebrada Sonadora",,5.0846534076411,Good,,
2019-07-01 20:30:00," Quebrada Sonadora",,5.05052807147808,Good,,
2019-07-01 20:45:00," Quebrada Sonadora",,5.03746868114757,Good,,
2019-07-01 21:00:00," Quebrada Sonadora",,5.01924665918852,Good,,
2019-07-01 21:15:00," Quebrada Sonadora",,5.1137223719424,Good,,
2019-07-01 21:30:00," Quebrada Sonadora",,5.04007764499045,Good,,
2019-07-01 21:45:00," Quebrada Sonadora",,5.07149900360747,Good,,
2019-07-01 22:00:00," Quebrada Sonadora",,5.01405343749116,Good,,
2019-07-01 22:15:00," Quebrada Sonadora",,5.01924665918847,Good,,
2019-07-01 22:30:00," Quebrada Sonadora",,5.01145900171315,Good,,
2019-07-01 22:45:00," Quebrada Sonadora",,5.02965052169077,Good,,
2019-07-01 23:00:00," Quebrada Sonadora",,5.01145900171326,Good,,
2019-07-01 23:15:00," Quebrada Sonadora",,4.99333849078891,Good,,
2019-07-01 23:30:00," Quebrada Sonadora",,4.95474688072159,Good,,
2019-07-01 23:45:00," Quebrada Sonadora",,4.99850854704488,Good,,
2019-07-02 00:00:00," Quebrada Sonadora",,5.01664932309552,Good,,
2019-07-02 00:15:00," Quebrada Sonadora",,5.02184544643228,Good,,
2019-07-02 00:30:00," Quebrada Sonadora",,4.995922796321,Good,,
2019-07-02 00:45:00," Quebrada Sonadora",,5.02444568548918,Good,,
2019-07-02 01:00:00," Quebrada Sonadora",,5.04007764499045,Good,,